"location","origin_date","target_date","output_type_id","value","output_type","target"
"Fresno",2024-07-31,2024-05-31,0,0.8,"cdf","WNV cases"
"Fresno",2024-07-31,2024-06-30,0,0.7,"cdf","WNV cases"
"Fresno",2024-07-31,2024-07-31,0,0.05,"cdf","WNV cases"
"Fresno",2024-07-31,2024-08-31,0,0.05,"cdf","WNV cases"
"Fresno",2024-07-31,2024-09-30,0,0.3,"cdf","WNV cases"
"Fresno",2024-07-31,2024-10-31,0,0.6,"cdf","WNV cases"
"Fresno",2024-07-31,2024-11-30,0,0.95,"cdf","WNV cases"
"Fresno",2024-07-31,2024-12-31,0,0.95,"cdf","WNV cases"
"Kern",2024-07-31,2024-05-31,0,0.8,"cdf","WNV cases"
"Kern",2024-07-31,2024-06-30,0,0.5,"cdf","WNV cases"
"Kern",2024-07-31,2024-07-31,0,0.1,"cdf","WNV cases"
"Kern",2024-07-31,2024-08-31,0,0.05,"cdf","WNV cases"
"Kern",2024-07-31,2024-09-30,0,0.1,"cdf","WNV cases"
"Kern",2024-07-31,2024-10-31,0,0.3,"cdf","WNV cases"
"Kern",2024-07-31,2024-11-30,0,0.5,"cdf","WNV cases"
"Kern",2024-07-31,2024-12-31,0,0.95,"cdf","WNV cases"
"Los Angeles",2024-07-31,2024-05-31,0,0.8,"cdf","WNV cases"
"Los Angeles",2024-07-31,2024-06-30,0,0.8,"cdf","WNV cases"
"Los Angeles",2024-07-31,2024-07-31,0,0.1,"cdf","WNV cases"
"Los Angeles",2024-07-31,2024-08-31,0,0.01,"cdf","WNV cases"
"Los Angeles",2024-07-31,2024-09-30,0,0.01,"cdf","WNV cases"
"Los Angeles",2024-07-31,2024-10-31,0,0.05,"cdf","WNV cases"
"Los Angeles",2024-07-31,2024-11-30,0,0.6,"cdf","WNV cases"
"Los Angeles",2024-07-31,2024-12-31,0,0.8,"cdf","WNV cases"
"Merced",2024-07-31,2024-05-31,0,0.95,"cdf","WNV cases"
"Merced",2024-07-31,2024-06-30,0,0.95,"cdf","WNV cases"
"Merced",2024-07-31,2024-07-31,0,0.5,"cdf","WNV cases"
"Merced",2024-07-31,2024-08-31,0,0.05,"cdf","WNV cases"
"Merced",2024-07-31,2024-09-30,0,0.05,"cdf","WNV cases"
"Merced",2024-07-31,2024-10-31,0,0.2,"cdf","WNV cases"
"Merced",2024-07-31,2024-11-30,0,0.7,"cdf","WNV cases"
"Merced",2024-07-31,2024-12-31,0,0.95,"cdf","WNV cases"
"Orange",2024-07-31,2024-05-31,0,0.98,"cdf","WNV cases"
"Orange",2024-07-31,2024-06-30,0,0.95,"cdf","WNV cases"
"Orange",2024-07-31,2024-07-31,0,0.4,"cdf","WNV cases"
"Orange",2024-07-31,2024-08-31,0,0.4,"cdf","WNV cases"
"Orange",2024-07-31,2024-09-30,0,0.2,"cdf","WNV cases"
"Orange",2024-07-31,2024-10-31,0,0.3,"cdf","WNV cases"
"Orange",2024-07-31,2024-11-30,0,0.6,"cdf","WNV cases"
"Orange",2024-07-31,2024-12-31,0,0.95,"cdf","WNV cases"
"Placer",2024-07-31,2024-05-31,0,1,"cdf","WNV cases"
"Placer",2024-07-31,2024-06-30,0,1,"cdf","WNV cases"
"Placer",2024-07-31,2024-07-31,0,0.95,"cdf","WNV cases"
"Placer",2024-07-31,2024-08-31,0,0.4,"cdf","WNV cases"
"Placer",2024-07-31,2024-09-30,0,0.2,"cdf","WNV cases"
"Placer",2024-07-31,2024-10-31,0,0.8,"cdf","WNV cases"
"Placer",2024-07-31,2024-11-30,0,1,"cdf","WNV cases"
"Placer",2024-07-31,2024-12-31,0,1,"cdf","WNV cases"
"Riverside",2024-07-31,2024-05-31,0,1,"cdf","WNV cases"
"Riverside",2024-07-31,2024-06-30,0,1,"cdf","WNV cases"
"Riverside",2024-07-31,2024-07-31,0,0.7,"cdf","WNV cases"
"Riverside",2024-07-31,2024-08-31,0,0.3,"cdf","WNV cases"
"Riverside",2024-07-31,2024-09-30,0,0.6,"cdf","WNV cases"
"Riverside",2024-07-31,2024-10-31,0,0.5,"cdf","WNV cases"
"Riverside",2024-07-31,2024-11-30,0,0.9,"cdf","WNV cases"
"Riverside",2024-07-31,2024-12-31,0,0.95,"cdf","WNV cases"
"Sacramento",2024-07-31,2024-05-31,0,1,"cdf","WNV cases"
"Sacramento",2024-07-31,2024-06-30,0,0.95,"cdf","WNV cases"
"Sacramento",2024-07-31,2024-07-31,0,0.3,"cdf","WNV cases"
"Sacramento",2024-07-31,2024-08-31,0,0.05,"cdf","WNV cases"
"Sacramento",2024-07-31,2024-09-30,0,0.05,"cdf","WNV cases"
"Sacramento",2024-07-31,2024-10-31,0,0.1,"cdf","WNV cases"
"Sacramento",2024-07-31,2024-11-30,0,0.95,"cdf","WNV cases"
"Sacramento",2024-07-31,2024-12-31,0,0.98,"cdf","WNV cases"
"San Bernardino",2024-07-31,2024-05-31,0,0.95,"cdf","WNV cases"
"San Bernardino",2024-07-31,2024-06-30,0,0.95,"cdf","WNV cases"
"San Bernardino",2024-07-31,2024-07-31,0,0.7,"cdf","WNV cases"
"San Bernardino",2024-07-31,2024-08-31,0,0.1,"cdf","WNV cases"
"San Bernardino",2024-07-31,2024-09-30,0,0.1,"cdf","WNV cases"
"San Bernardino",2024-07-31,2024-10-31,0,0.1,"cdf","WNV cases"
"San Bernardino",2024-07-31,2024-11-30,0,0.5,"cdf","WNV cases"
"San Bernardino",2024-07-31,2024-12-31,0,0.9,"cdf","WNV cases"
"San Joaquin",2024-07-31,2024-05-31,0,0.98,"cdf","WNV cases"
"San Joaquin",2024-07-31,2024-06-30,0,0.95,"cdf","WNV cases"
"San Joaquin",2024-07-31,2024-07-31,0,0.5,"cdf","WNV cases"
"San Joaquin",2024-07-31,2024-08-31,0,0.05,"cdf","WNV cases"
"San Joaquin",2024-07-31,2024-09-30,0,0.2,"cdf","WNV cases"
"San Joaquin",2024-07-31,2024-10-31,0,0.5,"cdf","WNV cases"
"San Joaquin",2024-07-31,2024-11-30,0,0.7,"cdf","WNV cases"
"San Joaquin",2024-07-31,2024-12-31,0,1,"cdf","WNV cases"
"Solano",2024-07-31,2024-05-31,0,1,"cdf","WNV cases"
"Solano",2024-07-31,2024-06-30,0,0.95,"cdf","WNV cases"
"Solano",2024-07-31,2024-07-31,0,0.6,"cdf","WNV cases"
"Solano",2024-07-31,2024-08-31,0,0.5,"cdf","WNV cases"
"Solano",2024-07-31,2024-09-30,0,0.4,"cdf","WNV cases"
"Solano",2024-07-31,2024-10-31,0,0.7,"cdf","WNV cases"
"Solano",2024-07-31,2024-11-30,0,0.98,"cdf","WNV cases"
"Solano",2024-07-31,2024-12-31,0,0.98,"cdf","WNV cases"
"Stanislaus",2024-07-31,2024-05-31,0,0.95,"cdf","WNV cases"
"Stanislaus",2024-07-31,2024-06-30,0,0.9,"cdf","WNV cases"
"Stanislaus",2024-07-31,2024-07-31,0,0.4,"cdf","WNV cases"
"Stanislaus",2024-07-31,2024-08-31,0,0.1,"cdf","WNV cases"
"Stanislaus",2024-07-31,2024-09-30,0,0.05,"cdf","WNV cases"
"Stanislaus",2024-07-31,2024-10-31,0,0.6,"cdf","WNV cases"
"Stanislaus",2024-07-31,2024-11-30,0,0.7,"cdf","WNV cases"
"Stanislaus",2024-07-31,2024-12-31,0,1,"cdf","WNV cases"
"Tulare",2024-07-31,2024-05-31,0,0.95,"cdf","WNV cases"
"Tulare",2024-07-31,2024-06-30,0,0.9,"cdf","WNV cases"
"Tulare",2024-07-31,2024-07-31,0,0.5,"cdf","WNV cases"
"Tulare",2024-07-31,2024-08-31,0,0.1,"cdf","WNV cases"
"Tulare",2024-07-31,2024-09-30,0,0.15,"cdf","WNV cases"
"Tulare",2024-07-31,2024-10-31,0,0.5,"cdf","WNV cases"
"Tulare",2024-07-31,2024-11-30,0,1,"cdf","WNV cases"
"Tulare",2024-07-31,2024-12-31,0,1,"cdf","WNV cases"
"Fresno",2024-07-31,2024-05-31,1,0.978514841051368,"cdf","WNV cases"
"Fresno",2024-07-31,2024-06-30,1,0.949672460757113,"cdf","WNV cases"
"Fresno",2024-07-31,2024-07-31,1,0.694189092385915,"cdf","WNV cases"
"Fresno",2024-07-31,2024-08-31,1,0.149596905958784,"cdf","WNV cases"
"Fresno",2024-07-31,2024-09-30,1,0.373943315774216,"cdf","WNV cases"
"Fresno",2024-07-31,2024-10-31,1,0.906495374259594,"cdf","WNV cases"
"Fresno",2024-07-31,2024-11-30,1,0.998728629668173,"cdf","WNV cases"
"Fresno",2024-07-31,2024-12-31,1,0.998728629668173,"cdf","WNV cases"
"Kern",2024-07-31,2024-05-31,1,0.8,"cdf","WNV cases"
"Kern",2024-07-31,2024-06-30,1,0.5,"cdf","WNV cases"
"Kern",2024-07-31,2024-07-31,1,0.692810630985959,"cdf","WNV cases"
"Kern",2024-07-31,2024-08-31,1,0.0502448737756036,"cdf","WNV cases"
"Kern",2024-07-31,2024-09-30,1,0.169361060954637,"cdf","WNV cases"
"Kern",2024-07-31,2024-10-31,1,0.815179014608667,"cdf","WNV cases"
"Kern",2024-07-31,2024-11-30,1,0.5,"cdf","WNV cases"
"Kern",2024-07-31,2024-12-31,1,0.95,"cdf","WNV cases"
"Los Angeles",2024-07-31,2024-05-31,1,0.999999999999931,"cdf","WNV cases"
"Los Angeles",2024-07-31,2024-06-30,1,0.999999999999931,"cdf","WNV cases"
"Los Angeles",2024-07-31,2024-07-31,1,0.990575904596224,"cdf","WNV cases"
"Los Angeles",2024-07-31,2024-08-31,1,0.836069352025821,"cdf","WNV cases"
"Los Angeles",2024-07-31,2024-09-30,1,0.743935750666311,"cdf","WNV cases"
"Los Angeles",2024-07-31,2024-10-31,1,0.958218067710993,"cdf","WNV cases"
"Los Angeles",2024-07-31,2024-11-30,1,0.99999999979026,"cdf","WNV cases"
"Los Angeles",2024-07-31,2024-12-31,1,0.999999999999931,"cdf","WNV cases"
"Merced",2024-07-31,2024-05-31,1,0.95,"cdf","WNV cases"
"Merced",2024-07-31,2024-06-30,1,0.95,"cdf","WNV cases"
"Merced",2024-07-31,2024-07-31,1,0.5,"cdf","WNV cases"
"Merced",2024-07-31,2024-08-31,1,0.0500000037364392,"cdf","WNV cases"
"Merced",2024-07-31,2024-09-30,1,0.0500000000126007,"cdf","WNV cases"
"Merced",2024-07-31,2024-10-31,1,0.597589403932907,"cdf","WNV cases"
"Merced",2024-07-31,2024-11-30,1,0.7,"cdf","WNV cases"
"Merced",2024-07-31,2024-12-31,1,0.95,"cdf","WNV cases"
"Orange",2024-07-31,2024-05-31,1,0.999999993170164,"cdf","WNV cases"
"Orange",2024-07-31,2024-06-30,1,0.99999972316226,"cdf","WNV cases"
"Orange",2024-07-31,2024-07-31,1,0.985721190431326,"cdf","WNV cases"
"Orange",2024-07-31,2024-08-31,1,0.985721190431326,"cdf","WNV cases"
"Orange",2024-07-31,2024-09-30,1,0.315751483393143,"cdf","WNV cases"
"Orange",2024-07-31,2024-10-31,1,0.980066046463594,"cdf","WNV cases"
"Orange",2024-07-31,2024-11-30,1,0.998107847400262,"cdf","WNV cases"
"Orange",2024-07-31,2024-12-31,1,0.99999972316226,"cdf","WNV cases"
"Placer",2024-07-31,2024-05-31,1,1,"cdf","WNV cases"
"Placer",2024-07-31,2024-06-30,1,1,"cdf","WNV cases"
"Placer",2024-07-31,2024-07-31,1,0.95,"cdf","WNV cases"
"Placer",2024-07-31,2024-08-31,1,0.4,"cdf","WNV cases"
"Placer",2024-07-31,2024-09-30,1,0.203223102114128,"cdf","WNV cases"
"Placer",2024-07-31,2024-10-31,1,0.8,"cdf","WNV cases"
"Placer",2024-07-31,2024-11-30,1,1,"cdf","WNV cases"
"Placer",2024-07-31,2024-12-31,1,1,"cdf","WNV cases"
"Riverside",2024-07-31,2024-05-31,1,1,"cdf","WNV cases"
"Riverside",2024-07-31,2024-06-30,1,1,"cdf","WNV cases"
"Riverside",2024-07-31,2024-07-31,1,0.994198416228907,"cdf","WNV cases"
"Riverside",2024-07-31,2024-08-31,1,0.698033829505383,"cdf","WNV cases"
"Riverside",2024-07-31,2024-09-30,1,0.984778219628369,"cdf","WNV cases"
"Riverside",2024-07-31,2024-10-31,1,0.966686843759523,"cdf","WNV cases"
"Riverside",2024-07-31,2024-11-30,1,0.999819841308901,"cdf","WNV cases"
"Riverside",2024-07-31,2024-12-31,1,0.999978355641509,"cdf","WNV cases"
"Sacramento",2024-07-31,2024-05-31,1,1,"cdf","WNV cases"
"Sacramento",2024-07-31,2024-06-30,1,0.998728629668173,"cdf","WNV cases"
"Sacramento",2024-07-31,2024-07-31,1,0.533311452660368,"cdf","WNV cases"
"Sacramento",2024-07-31,2024-08-31,1,0.327004040417316,"cdf","WNV cases"
"Sacramento",2024-07-31,2024-09-30,1,0.682449091033784,"cdf","WNV cases"
"Sacramento",2024-07-31,2024-10-31,1,0.696456899060026,"cdf","WNV cases"
"Sacramento",2024-07-31,2024-11-30,1,0.998728629668173,"cdf","WNV cases"
"Sacramento",2024-07-31,2024-12-31,1,0.999798653171169,"cdf","WNV cases"
"San Bernardino",2024-07-31,2024-05-31,1,0.999978355641509,"cdf","WNV cases"
"San Bernardino",2024-07-31,2024-06-30,1,0.999978355641509,"cdf","WNV cases"
"San Bernardino",2024-07-31,2024-07-31,1,0.994198416228907,"cdf","WNV cases"
"San Bernardino",2024-07-31,2024-08-31,1,0.796534521518866,"cdf","WNV cases"
"San Bernardino",2024-07-31,2024-09-30,1,0.611639062470413,"cdf","WNV cases"
"San Bernardino",2024-07-31,2024-10-31,1,0.925935977093611,"cdf","WNV cases"
"San Bernardino",2024-07-31,2024-11-30,1,0.966686843759523,"cdf","WNV cases"
"San Bernardino",2024-07-31,2024-12-31,1,0.999819841308901,"cdf","WNV cases"
"San Joaquin",2024-07-31,2024-05-31,1,0.98,"cdf","WNV cases"
"San Joaquin",2024-07-31,2024-06-30,1,0.95,"cdf","WNV cases"
"San Joaquin",2024-07-31,2024-07-31,1,0.5,"cdf","WNV cases"
"San Joaquin",2024-07-31,2024-08-31,1,0.0503013233915858,"cdf","WNV cases"
"San Joaquin",2024-07-31,2024-09-30,1,0.236266768752633,"cdf","WNV cases"
"San Joaquin",2024-07-31,2024-10-31,1,0.5,"cdf","WNV cases"
"San Joaquin",2024-07-31,2024-11-30,1,0.7,"cdf","WNV cases"
"San Joaquin",2024-07-31,2024-12-31,1,1,"cdf","WNV cases"
"Solano",2024-07-31,2024-05-31,1,1,"cdf","WNV cases"
"Solano",2024-07-31,2024-06-30,1,0.95,"cdf","WNV cases"
"Solano",2024-07-31,2024-07-31,1,0.6,"cdf","WNV cases"
"Solano",2024-07-31,2024-08-31,1,0.5,"cdf","WNV cases"
"Solano",2024-07-31,2024-09-30,1,0.4,"cdf","WNV cases"
"Solano",2024-07-31,2024-10-31,1,0.7,"cdf","WNV cases"
"Solano",2024-07-31,2024-11-30,1,0.98,"cdf","WNV cases"
"Solano",2024-07-31,2024-12-31,1,0.98,"cdf","WNV cases"
"Stanislaus",2024-07-31,2024-05-31,1,0.95,"cdf","WNV cases"
"Stanislaus",2024-07-31,2024-06-30,1,0.9,"cdf","WNV cases"
"Stanislaus",2024-07-31,2024-07-31,1,0.4,"cdf","WNV cases"
"Stanislaus",2024-07-31,2024-08-31,1,0.117490372722657,"cdf","WNV cases"
"Stanislaus",2024-07-31,2024-09-30,1,0.0622458442403164,"cdf","WNV cases"
"Stanislaus",2024-07-31,2024-10-31,1,0.6,"cdf","WNV cases"
"Stanislaus",2024-07-31,2024-11-30,1,0.7,"cdf","WNV cases"
"Stanislaus",2024-07-31,2024-12-31,1,1,"cdf","WNV cases"
"Tulare",2024-07-31,2024-05-31,1,0.95,"cdf","WNV cases"
"Tulare",2024-07-31,2024-06-30,1,0.9,"cdf","WNV cases"
"Tulare",2024-07-31,2024-07-31,1,0.5,"cdf","WNV cases"
"Tulare",2024-07-31,2024-08-31,1,0.106389411831686,"cdf","WNV cases"
"Tulare",2024-07-31,2024-09-30,1,0.151160606477599,"cdf","WNV cases"
"Tulare",2024-07-31,2024-10-31,1,0.5,"cdf","WNV cases"
"Tulare",2024-07-31,2024-11-30,1,1,"cdf","WNV cases"
"Tulare",2024-07-31,2024-12-31,1,1,"cdf","WNV cases"
"Fresno",2024-07-31,2024-05-31,2,0.998432058848615,"cdf","WNV cases"
"Fresno",2024-07-31,2024-06-30,2,0.994198416228907,"cdf","WNV cases"
"Fresno",2024-07-31,2024-07-31,2,0.846351043506181,"cdf","WNV cases"
"Fresno",2024-07-31,2024-08-31,2,0.468144440175989,"cdf","WNV cases"
"Fresno",2024-07-31,2024-09-30,2,0.658784452196284,"cdf","WNV cases"
"Fresno",2024-07-31,2024-10-31,2,0.984778219628369,"cdf","WNV cases"
"Fresno",2024-07-31,2024-11-30,2,0.999978355641509,"cdf","WNV cases"
"Fresno",2024-07-31,2024-12-31,2,0.999978355641509,"cdf","WNV cases"
"Kern",2024-07-31,2024-05-31,2,0.978514841051368,"cdf","WNV cases"
"Kern",2024-07-31,2024-06-30,2,0.846573590279973,"cdf","WNV cases"
"Kern",2024-07-31,2024-07-31,2,0.838556351151745,"cdf","WNV cases"
"Kern",2024-07-31,2024-08-31,2,0.109430549718229,"cdf","WNV cases"
"Kern",2024-07-31,2024-09-30,2,0.436624434583991,"cdf","WNV cases"
"Kern",2024-07-31,2024-10-31,2,0.920357863133514,"cdf","WNV cases"
"Kern",2024-07-31,2024-11-30,2,0.846573590279973,"cdf","WNV cases"
"Kern",2024-07-31,2024-12-31,2,0.998728629668173,"cdf","WNV cases"
"Los Angeles",2024-07-31,2024-05-31,2,1,"cdf","WNV cases"
"Los Angeles",2024-07-31,2024-06-30,2,1,"cdf","WNV cases"
"Los Angeles",2024-07-31,2024-07-31,2,0.999685357673889,"cdf","WNV cases"
"Los Angeles",2024-07-31,2024-08-31,2,0.975442248974342,"cdf","WNV cases"
"Los Angeles",2024-07-31,2024-09-30,2,0.996321070095405,"cdf","WNV cases"
"Los Angeles",2024-07-31,2024-10-31,2,0.995814061652003,"cdf","WNV cases"
"Los Angeles",2024-07-31,2024-11-30,2,1,"cdf","WNV cases"
"Los Angeles",2024-07-31,2024-12-31,2,1,"cdf","WNV cases"
"Merced",2024-07-31,2024-05-31,2,0.95,"cdf","WNV cases"
"Merced",2024-07-31,2024-06-30,2,0.95,"cdf","WNV cases"
"Merced",2024-07-31,2024-07-31,2,0.5,"cdf","WNV cases"
"Merced",2024-07-31,2024-08-31,2,0.0500155078288865,"cdf","WNV cases"
"Merced",2024-07-31,2024-09-30,2,0.0500010890271126,"cdf","WNV cases"
"Merced",2024-07-31,2024-10-31,2,0.717220923800916,"cdf","WNV cases"
"Merced",2024-07-31,2024-11-30,2,0.7,"cdf","WNV cases"
"Merced",2024-07-31,2024-12-31,2,0.95,"cdf","WNV cases"
"Orange",2024-07-31,2024-05-31,2,1,"cdf","WNV cases"
"Orange",2024-07-31,2024-06-30,2,0.999999999999823,"cdf","WNV cases"
"Orange",2024-07-31,2024-07-31,2,0.999951479425094,"cdf","WNV cases"
"Orange",2024-07-31,2024-08-31,2,0.999951479425094,"cdf","WNV cases"
"Orange",2024-07-31,2024-09-30,2,0.993764919791958,"cdf","WNV cases"
"Orange",2024-07-31,2024-10-31,2,0.998528938309947,"cdf","WNV cases"
"Orange",2024-07-31,2024-11-30,2,0.999998846368542,"cdf","WNV cases"
"Orange",2024-07-31,2024-12-31,2,0.999999999999823,"cdf","WNV cases"
"Placer",2024-07-31,2024-05-31,2,1,"cdf","WNV cases"
"Placer",2024-07-31,2024-06-30,2,1,"cdf","WNV cases"
"Placer",2024-07-31,2024-07-31,2,0.95,"cdf","WNV cases"
"Placer",2024-07-31,2024-08-31,2,0.4,"cdf","WNV cases"
"Placer",2024-07-31,2024-09-30,2,0.248863887627874,"cdf","WNV cases"
"Placer",2024-07-31,2024-10-31,2,0.8,"cdf","WNV cases"
"Placer",2024-07-31,2024-11-30,2,1,"cdf","WNV cases"
"Placer",2024-07-31,2024-12-31,2,1,"cdf","WNV cases"
"Riverside",2024-07-31,2024-05-31,2,1,"cdf","WNV cases"
"Riverside",2024-07-31,2024-06-30,2,1,"cdf","WNV cases"
"Riverside",2024-07-31,2024-07-31,2,0.999964218717261,"cdf","WNV cases"
"Riverside",2024-07-31,2024-08-31,2,0.929405806445287,"cdf","WNV cases"
"Riverside",2024-07-31,2024-09-30,2,0.999810126255548,"cdf","WNV cases"
"Riverside",2024-07-31,2024-10-31,2,0.999247962645748,"cdf","WNV cases"
"Riverside",2024-07-31,2024-11-30,2,0.99999990088827,"cdf","WNV cases"
"Riverside",2024-07-31,2024-12-31,2,0.999999997164893,"cdf","WNV cases"
"Sacramento",2024-07-31,2024-05-31,2,1,"cdf","WNV cases"
"Sacramento",2024-07-31,2024-06-30,2,0.99999972316226,"cdf","WNV cases"
"Sacramento",2024-07-31,2024-07-31,2,0.861779839365565,"cdf","WNV cases"
"Sacramento",2024-07-31,2024-08-31,2,0.725058484030707,"cdf","WNV cases"
"Sacramento",2024-07-31,2024-09-30,2,0.835764131769507,"cdf","WNV cases"
"Sacramento",2024-07-31,2024-10-31,2,0.998715647192715,"cdf","WNV cases"
"Sacramento",2024-07-31,2024-11-30,2,0.99999972316226,"cdf","WNV cases"
"Sacramento",2024-07-31,2024-12-31,2,0.999999993170164,"cdf","WNV cases"
"San Bernardino",2024-07-31,2024-05-31,2,0.999999997164893,"cdf","WNV cases"
"San Bernardino",2024-07-31,2024-06-30,2,0.999999997164893,"cdf","WNV cases"
"San Bernardino",2024-07-31,2024-07-31,2,0.999964218717261,"cdf","WNV cases"
"San Bernardino",2024-07-31,2024-08-31,2,0.92233832059872,"cdf","WNV cases"
"San Bernardino",2024-07-31,2024-09-30,2,0.934333793919787,"cdf","WNV cases"
"San Bernardino",2024-07-31,2024-10-31,2,0.987293074897606,"cdf","WNV cases"
"San Bernardino",2024-07-31,2024-11-30,2,0.999247962645748,"cdf","WNV cases"
"San Bernardino",2024-07-31,2024-12-31,2,0.99999990088827,"cdf","WNV cases"
"San Joaquin",2024-07-31,2024-05-31,2,0.999798653171169,"cdf","WNV cases"
"San Joaquin",2024-07-31,2024-06-30,2,0.998728629668173,"cdf","WNV cases"
"San Joaquin",2024-07-31,2024-07-31,2,0.846573590279973,"cdf","WNV cases"
"San Joaquin",2024-07-31,2024-08-31,2,0.0841832442252727,"cdf","WNV cases"
"San Joaquin",2024-07-31,2024-09-30,2,0.472623038917209,"cdf","WNV cases"
"San Joaquin",2024-07-31,2024-10-31,2,0.846573590279973,"cdf","WNV cases"
"San Joaquin",2024-07-31,2024-11-30,2,0.949672460757113,"cdf","WNV cases"
"San Joaquin",2024-07-31,2024-12-31,2,1,"cdf","WNV cases"
"Solano",2024-07-31,2024-05-31,2,1,"cdf","WNV cases"
"Solano",2024-07-31,2024-06-30,2,0.95,"cdf","WNV cases"
"Solano",2024-07-31,2024-07-31,2,0.6,"cdf","WNV cases"
"Solano",2024-07-31,2024-08-31,2,0.5,"cdf","WNV cases"
"Solano",2024-07-31,2024-09-30,2,0.4,"cdf","WNV cases"
"Solano",2024-07-31,2024-10-31,2,0.7,"cdf","WNV cases"
"Solano",2024-07-31,2024-11-30,2,0.98,"cdf","WNV cases"
"Solano",2024-07-31,2024-12-31,2,0.98,"cdf","WNV cases"
"Stanislaus",2024-07-31,2024-05-31,2,0.998728629668173,"cdf","WNV cases"
"Stanislaus",2024-07-31,2024-06-30,2,0.994824464092044,"cdf","WNV cases"
"Stanislaus",2024-07-31,2024-07-31,2,0.766516292749662,"cdf","WNV cases"
"Stanislaus",2024-07-31,2024-08-31,2,0.212085193424089,"cdf","WNV cases"
"Stanislaus",2024-07-31,2024-09-30,2,0.173652923209416,"cdf","WNV cases"
"Stanislaus",2024-07-31,2024-10-31,2,0.906495374259594,"cdf","WNV cases"
"Stanislaus",2024-07-31,2024-11-30,2,0.949672460757113,"cdf","WNV cases"
"Stanislaus",2024-07-31,2024-12-31,2,1,"cdf","WNV cases"
"Tulare",2024-07-31,2024-05-31,2,0.95,"cdf","WNV cases"
"Tulare",2024-07-31,2024-06-30,2,0.9,"cdf","WNV cases"
"Tulare",2024-07-31,2024-07-31,2,0.5,"cdf","WNV cases"
"Tulare",2024-07-31,2024-08-31,2,0.179898737259225,"cdf","WNV cases"
"Tulare",2024-07-31,2024-09-30,2,0.221305750615973,"cdf","WNV cases"
"Tulare",2024-07-31,2024-10-31,2,0.5,"cdf","WNV cases"
"Tulare",2024-07-31,2024-11-30,2,1,"cdf","WNV cases"
"Tulare",2024-07-31,2024-12-31,2,1,"cdf","WNV cases"
"Fresno",2024-07-31,2024-05-31,3,0.999913525085807,"cdf","WNV cases"
"Fresno",2024-07-31,2024-06-30,3,0.999492180452814,"cdf","WNV cases"
"Fresno",2024-07-31,2024-07-31,3,0.907130998574842,"cdf","WNV cases"
"Fresno",2024-07-31,2024-08-31,3,0.705261176579302,"cdf","WNV cases"
"Fresno",2024-07-31,2024-09-30,3,0.847844038231182,"cdf","WNV cases"
"Fresno",2024-07-31,2024-10-31,3,0.998107847400262,"cdf","WNV cases"
"Fresno",2024-07-31,2024-11-30,3,0.99999972316226,"cdf","WNV cases"
"Fresno",2024-07-31,2024-12-31,3,0.99999972316226,"cdf","WNV cases"
"Kern",2024-07-31,2024-05-31,3,0.998432058848615,"cdf","WNV cases"
"Kern",2024-07-31,2024-06-30,3,0.966686843759523,"cdf","WNV cases"
"Kern",2024-07-31,2024-07-31,3,0.899102179691009,"cdf","WNV cases"
"Kern",2024-07-31,2024-08-31,3,0.377540367579574,"cdf","WNV cases"
"Kern",2024-07-31,2024-09-30,3,0.664503548528406,"cdf","WNV cases"
"Kern",2024-07-31,2024-10-31,3,0.957049559452662,"cdf","WNV cases"
"Kern",2024-07-31,2024-11-30,3,0.966686843759523,"cdf","WNV cases"
"Kern",2024-07-31,2024-12-31,3,0.999978355641509,"cdf","WNV cases"
"Los Angeles",2024-07-31,2024-05-31,3,1,"cdf","WNV cases"
"Los Angeles",2024-07-31,2024-06-30,3,1,"cdf","WNV cases"
"Los Angeles",2024-07-31,2024-07-31,3,0.999974049802048,"cdf","WNV cases"
"Los Angeles",2024-07-31,2024-08-31,3,0.994564567697308,"cdf","WNV cases"
"Los Angeles",2024-07-31,2024-09-30,3,0.999944764629366,"cdf","WNV cases"
"Los Angeles",2024-07-31,2024-10-31,3,0.999233210867266,"cdf","WNV cases"
"Los Angeles",2024-07-31,2024-11-30,3,1,"cdf","WNV cases"
"Los Angeles",2024-07-31,2024-12-31,3,1,"cdf","WNV cases"
"Merced",2024-07-31,2024-05-31,3,0.95,"cdf","WNV cases"
"Merced",2024-07-31,2024-06-30,3,0.95,"cdf","WNV cases"
"Merced",2024-07-31,2024-07-31,3,0.5,"cdf","WNV cases"
"Merced",2024-07-31,2024-08-31,3,0.0506344557232456,"cdf","WNV cases"
"Merced",2024-07-31,2024-09-30,3,0.0501561360339051,"cdf","WNV cases"
"Merced",2024-07-31,2024-10-31,3,0.780677089229265,"cdf","WNV cases"
"Merced",2024-07-31,2024-11-30,3,0.7,"cdf","WNV cases"
"Merced",2024-07-31,2024-12-31,3,0.95,"cdf","WNV cases"
"Orange",2024-07-31,2024-05-31,3,1,"cdf","WNV cases"
"Orange",2024-07-31,2024-06-30,3,1,"cdf","WNV cases"
"Orange",2024-07-31,2024-07-31,3,0.999999949868365,"cdf","WNV cases"
"Orange",2024-07-31,2024-08-31,3,0.999999949868365,"cdf","WNV cases"
"Orange",2024-07-31,2024-09-30,3,0.999996610925528,"cdf","WNV cases"
"Orange",2024-07-31,2024-10-31,3,0.999783546178735,"cdf","WNV cases"
"Orange",2024-07-31,2024-11-30,3,0.99999999979026,"cdf","WNV cases"
"Orange",2024-07-31,2024-12-31,3,1,"cdf","WNV cases"
"Placer",2024-07-31,2024-05-31,3,1,"cdf","WNV cases"
"Placer",2024-07-31,2024-06-30,3,1,"cdf","WNV cases"
"Placer",2024-07-31,2024-07-31,3,0.998728629668173,"cdf","WNV cases"
"Placer",2024-07-31,2024-08-31,3,0.766516292749662,"cdf","WNV cases"
"Placer",2024-07-31,2024-09-30,3,0.347237448770916,"cdf","WNV cases"
"Placer",2024-07-31,2024-10-31,3,0.978514841051368,"cdf","WNV cases"
"Placer",2024-07-31,2024-11-30,3,1,"cdf","WNV cases"
"Placer",2024-07-31,2024-12-31,3,1,"cdf","WNV cases"
"Riverside",2024-07-31,2024-05-31,3,1,"cdf","WNV cases"
"Riverside",2024-07-31,2024-06-30,3,1,"cdf","WNV cases"
"Riverside",2024-07-31,2024-07-31,3,0.999999995265794,"cdf","WNV cases"
"Riverside",2024-07-31,2024-08-31,3,0.980907852744752,"cdf","WNV cases"
"Riverside",2024-07-31,2024-09-30,3,0.999999926880137,"cdf","WNV cases"
"Riverside",2024-07-31,2024-10-31,3,0.999999284571938,"cdf","WNV cases"
"Riverside",2024-07-31,2024-11-30,3,0.999999999999657,"cdf","WNV cases"
"Riverside",2024-07-31,2024-12-31,3,0.999999999999999,"cdf","WNV cases"
"Sacramento",2024-07-31,2024-05-31,3,1,"cdf","WNV cases"
"Sacramento",2024-07-31,2024-06-30,3,0.999999997164893,"cdf","WNV cases"
"Sacramento",2024-07-31,2024-07-31,3,0.961671381130056,"cdf","WNV cases"
"Sacramento",2024-07-31,2024-08-31,3,0.890835855964218,"cdf","WNV cases"
"Sacramento",2024-07-31,2024-09-30,3,0.898572449678457,"cdf","WNV cases"
"Sacramento",2024-07-31,2024-10-31,3,0.999996677810171,"cdf","WNV cases"
"Sacramento",2024-07-31,2024-11-30,3,0.999999997164893,"cdf","WNV cases"
"Sacramento",2024-07-31,2024-12-31,3,0.999999999972422,"cdf","WNV cases"
"San Bernardino",2024-07-31,2024-05-31,3,0.999999999999823,"cdf","WNV cases"
"San Bernardino",2024-07-31,2024-06-30,3,0.999999999999823,"cdf","WNV cases"
"San Bernardino",2024-07-31,2024-07-31,3,0.999999893271538,"cdf","WNV cases"
"San Bernardino",2024-07-31,2024-08-31,3,0.961720240808445,"cdf","WNV cases"
"San Bernardino",2024-07-31,2024-09-30,3,0.98760571366676,"cdf","WNV cases"
"San Bernardino",2024-07-31,2024-10-31,3,0.99652905775707,"cdf","WNV cases"
"San Bernardino",2024-07-31,2024-11-30,3,0.999991658205036,"cdf","WNV cases"
"San Bernardino",2024-07-31,2024-12-31,3,0.99999999997392,"cdf","WNV cases"
"San Joaquin",2024-07-31,2024-05-31,3,0.999998646368818,"cdf","WNV cases"
"San Joaquin",2024-07-31,2024-06-30,3,0.999978355641509,"cdf","WNV cases"
"San Joaquin",2024-07-31,2024-07-31,3,0.966686843759523,"cdf","WNV cases"
"San Joaquin",2024-07-31,2024-08-31,3,0.236889117342566,"cdf","WNV cases"
"San Joaquin",2024-07-31,2024-09-30,3,0.706252839835298,"cdf","WNV cases"
"San Joaquin",2024-07-31,2024-10-31,3,0.966686843759523,"cdf","WNV cases"
"San Joaquin",2024-07-31,2024-11-30,3,0.994198416228907,"cdf","WNV cases"
"San Joaquin",2024-07-31,2024-12-31,3,1,"cdf","WNV cases"
"Solano",2024-07-31,2024-05-31,3,1,"cdf","WNV cases"
"Solano",2024-07-31,2024-06-30,3,0.998728629668173,"cdf","WNV cases"
"Solano",2024-07-31,2024-07-31,3,0.906495374259594,"cdf","WNV cases"
"Solano",2024-07-31,2024-08-31,3,0.846573590279973,"cdf","WNV cases"
"Solano",2024-07-31,2024-09-30,3,0.766516292749662,"cdf","WNV cases"
"Solano",2024-07-31,2024-10-31,3,0.949672460757113,"cdf","WNV cases"
"Solano",2024-07-31,2024-11-30,3,0.999798653171169,"cdf","WNV cases"
"Solano",2024-07-31,2024-12-31,3,0.999798653171169,"cdf","WNV cases"
"Stanislaus",2024-07-31,2024-05-31,3,0.998728629668173,"cdf","WNV cases"
"Stanislaus",2024-07-31,2024-06-30,3,0.994824464092044,"cdf","WNV cases"
"Stanislaus",2024-07-31,2024-07-31,3,0.766516292749662,"cdf","WNV cases"
"Stanislaus",2024-07-31,2024-08-31,3,0.34130380590889,"cdf","WNV cases"
"Stanislaus",2024-07-31,2024-09-30,3,0.349863788244486,"cdf","WNV cases"
"Stanislaus",2024-07-31,2024-10-31,3,0.906495374259594,"cdf","WNV cases"
"Stanislaus",2024-07-31,2024-11-30,3,0.949672460757113,"cdf","WNV cases"
"Stanislaus",2024-07-31,2024-12-31,3,1,"cdf","WNV cases"
"Tulare",2024-07-31,2024-05-31,3,0.998728629668173,"cdf","WNV cases"
"Tulare",2024-07-31,2024-06-30,3,0.994824464092044,"cdf","WNV cases"
"Tulare",2024-07-31,2024-07-31,3,0.846573590279973,"cdf","WNV cases"
"Tulare",2024-07-31,2024-08-31,3,0.317035353754806,"cdf","WNV cases"
"Tulare",2024-07-31,2024-09-30,3,0.432503802305947,"cdf","WNV cases"
"Tulare",2024-07-31,2024-10-31,3,0.846573590279973,"cdf","WNV cases"
"Tulare",2024-07-31,2024-11-30,3,1,"cdf","WNV cases"
"Tulare",2024-07-31,2024-12-31,3,1,"cdf","WNV cases"
"Fresno",2024-07-31,2024-05-31,4,0.999996169995137,"cdf","WNV cases"
"Fresno",2024-07-31,2024-06-30,4,0.999964218717261,"cdf","WNV cases"
"Fresno",2024-07-31,2024-07-31,4,0.938035482828864,"cdf","WNV cases"
"Fresno",2024-07-31,2024-08-31,4,0.83828822275008,"cdf","WNV cases"
"Fresno",2024-07-31,2024-09-30,4,0.933787498744607,"cdf","WNV cases"
"Fresno",2024-07-31,2024-10-31,4,0.999810126255548,"cdf","WNV cases"
"Fresno",2024-07-31,2024-11-30,4,0.999999997164893,"cdf","WNV cases"
"Fresno",2024-07-31,2024-12-31,4,0.999999997164893,"cdf","WNV cases"
"Kern",2024-07-31,2024-05-31,4,0.999913525085807,"cdf","WNV cases"
"Kern",2024-07-31,2024-06-30,4,0.994438898091934,"cdf","WNV cases"
"Kern",2024-07-31,2024-07-31,4,0.930835563328337,"cdf","WNV cases"
"Kern",2024-07-31,2024-08-31,4,0.674491543306825,"cdf","WNV cases"
"Kern",2024-07-31,2024-09-30,4,0.804778589390835,"cdf","WNV cases"
"Kern",2024-07-31,2024-10-31,4,0.973861912146134,"cdf","WNV cases"
"Kern",2024-07-31,2024-11-30,4,0.994438898091934,"cdf","WNV cases"
"Kern",2024-07-31,2024-12-31,4,0.99999972316226,"cdf","WNV cases"
"Los Angeles",2024-07-31,2024-05-31,4,1,"cdf","WNV cases"
"Los Angeles",2024-07-31,2024-06-30,4,1,"cdf","WNV cases"
"Los Angeles",2024-07-31,2024-07-31,4,0.999996492613542,"cdf","WNV cases"
"Los Angeles",2024-07-31,2024-08-31,4,0.998451490974101,"cdf","WNV cases"
"Los Angeles",2024-07-31,2024-09-30,4,0.99999875045267,"cdf","WNV cases"
"Los Angeles",2024-07-31,2024-10-31,4,0.999804273230077,"cdf","WNV cases"
"Los Angeles",2024-07-31,2024-11-30,4,1,"cdf","WNV cases"
"Los Angeles",2024-07-31,2024-12-31,4,1,"cdf","WNV cases"
"Merced",2024-07-31,2024-05-31,4,0.998728629668173,"cdf","WNV cases"
"Merced",2024-07-31,2024-06-30,4,0.998728629668173,"cdf","WNV cases"
"Merced",2024-07-31,2024-07-31,4,0.846573590279973,"cdf","WNV cases"
"Merced",2024-07-31,2024-08-31,4,0.0553104537884568,"cdf","WNV cases"
"Merced",2024-07-31,2024-09-30,4,0.0525282054273383,"cdf","WNV cases"
"Merced",2024-07-31,2024-10-31,4,0.820971493634913,"cdf","WNV cases"
"Merced",2024-07-31,2024-11-30,4,0.949672460757113,"cdf","WNV cases"
"Merced",2024-07-31,2024-12-31,4,0.998728629668173,"cdf","WNV cases"
"Orange",2024-07-31,2024-05-31,4,1,"cdf","WNV cases"
"Orange",2024-07-31,2024-06-30,4,1,"cdf","WNV cases"
"Orange",2024-07-31,2024-07-31,4,0.999999999977947,"cdf","WNV cases"
"Orange",2024-07-31,2024-08-31,4,0.999999999977947,"cdf","WNV cases"
"Orange",2024-07-31,2024-09-30,4,0.999999998513415,"cdf","WNV cases"
"Orange",2024-07-31,2024-10-31,4,0.999953547366839,"cdf","WNV cases"
"Orange",2024-07-31,2024-11-30,4,0.999999999999984,"cdf","WNV cases"
"Orange",2024-07-31,2024-12-31,4,1,"cdf","WNV cases"
"Placer",2024-07-31,2024-05-31,4,1,"cdf","WNV cases"
"Placer",2024-07-31,2024-06-30,4,1,"cdf","WNV cases"
"Placer",2024-07-31,2024-07-31,4,0.998728629668173,"cdf","WNV cases"
"Placer",2024-07-31,2024-08-31,4,0.766516292749662,"cdf","WNV cases"
"Placer",2024-07-31,2024-09-30,4,0.463423689067292,"cdf","WNV cases"
"Placer",2024-07-31,2024-10-31,4,0.978514841051368,"cdf","WNV cases"
"Placer",2024-07-31,2024-11-30,4,1,"cdf","WNV cases"
"Placer",2024-07-31,2024-12-31,4,1,"cdf","WNV cases"
"Riverside",2024-07-31,2024-05-31,4,1,"cdf","WNV cases"
"Riverside",2024-07-31,2024-06-30,4,1,"cdf","WNV cases"
"Riverside",2024-07-31,2024-07-31,4,0.999999999993357,"cdf","WNV cases"
"Riverside",2024-07-31,2024-08-31,4,0.993950405049846,"cdf","WNV cases"
"Riverside",2024-07-31,2024-09-30,4,0.99999999979026,"cdf","WNV cases"
"Riverside",2024-07-31,2024-10-31,4,0.999999996236708,"cdf","WNV cases"
"Riverside",2024-07-31,2024-11-30,4,1,"cdf","WNV cases"
"Riverside",2024-07-31,2024-12-31,4,1,"cdf","WNV cases"
"Sacramento",2024-07-31,2024-05-31,4,1,"cdf","WNV cases"
"Sacramento",2024-07-31,2024-06-30,4,0.999999999999823,"cdf","WNV cases"
"Sacramento",2024-07-31,2024-07-31,4,0.988455941256898,"cdf","WNV cases"
"Sacramento",2024-07-31,2024-08-31,4,0.95386725977097,"cdf","WNV cases"
"Sacramento",2024-07-31,2024-09-30,4,0.931138271892033,"cdf","WNV cases"
"Sacramento",2024-07-31,2024-10-31,4,0.99999998685732,"cdf","WNV cases"
"Sacramento",2024-07-31,2024-11-30,4,0.999999999999823,"cdf","WNV cases"
"Sacramento",2024-07-31,2024-12-31,4,1,"cdf","WNV cases"
"San Bernardino",2024-07-31,2024-05-31,4,1,"cdf","WNV cases"
"San Bernardino",2024-07-31,2024-06-30,4,1,"cdf","WNV cases"
"San Bernardino",2024-07-31,2024-07-31,4,0.999999999813143,"cdf","WNV cases"
"San Bernardino",2024-07-31,2024-08-31,4,0.978333838145841,"cdf","WNV cases"
"San Bernardino",2024-07-31,2024-09-30,4,0.997198245070669,"cdf","WNV cases"
"San Bernardino",2024-07-31,2024-10-31,4,0.998777608800874,"cdf","WNV cases"
"San Bernardino",2024-07-31,2024-11-30,4,0.999999945346278,"cdf","WNV cases"
"San Bernardino",2024-07-31,2024-12-31,4,0.999999999999996,"cdf","WNV cases"
"San Joaquin",2024-07-31,2024-05-31,4,0.999999993170164,"cdf","WNV cases"
"San Joaquin",2024-07-31,2024-06-30,4,0.99999972316226,"cdf","WNV cases"
"San Joaquin",2024-07-31,2024-07-31,4,0.994438898091934,"cdf","WNV cases"
"San Joaquin",2024-07-31,2024-08-31,4,0.456326059453143,"cdf","WNV cases"
"San Joaquin",2024-07-31,2024-09-30,4,0.846544852336689,"cdf","WNV cases"
"San Joaquin",2024-07-31,2024-10-31,4,0.994438898091934,"cdf","WNV cases"
"San Joaquin",2024-07-31,2024-11-30,4,0.999492180452814,"cdf","WNV cases"
"San Joaquin",2024-07-31,2024-12-31,4,1,"cdf","WNV cases"
"Solano",2024-07-31,2024-05-31,4,1,"cdf","WNV cases"
"Solano",2024-07-31,2024-06-30,4,0.998728629668173,"cdf","WNV cases"
"Solano",2024-07-31,2024-07-31,4,0.906495374259594,"cdf","WNV cases"
"Solano",2024-07-31,2024-08-31,4,0.846573590279973,"cdf","WNV cases"
"Solano",2024-07-31,2024-09-30,4,0.766516292749662,"cdf","WNV cases"
"Solano",2024-07-31,2024-10-31,4,0.949672460757113,"cdf","WNV cases"
"Solano",2024-07-31,2024-11-30,4,0.999798653171169,"cdf","WNV cases"
"Solano",2024-07-31,2024-12-31,4,0.999798653171169,"cdf","WNV cases"
"Stanislaus",2024-07-31,2024-05-31,4,0.999978355641509,"cdf","WNV cases"
"Stanislaus",2024-07-31,2024-06-30,4,0.999819841308901,"cdf","WNV cases"
"Stanislaus",2024-07-31,2024-07-31,4,0.934434033813357,"cdf","WNV cases"
"Stanislaus",2024-07-31,2024-08-31,4,0.464789745999101,"cdf","WNV cases"
"Stanislaus",2024-07-31,2024-09-30,4,0.516752925284236,"cdf","WNV cases"
"Stanislaus",2024-07-31,2024-10-31,4,0.984778219628369,"cdf","WNV cases"
"Stanislaus",2024-07-31,2024-11-30,4,0.994198416228907,"cdf","WNV cases"
"Stanislaus",2024-07-31,2024-12-31,4,1,"cdf","WNV cases"
"Tulare",2024-07-31,2024-05-31,4,0.998728629668173,"cdf","WNV cases"
"Tulare",2024-07-31,2024-06-30,4,0.994824464092044,"cdf","WNV cases"
"Tulare",2024-07-31,2024-07-31,4,0.846573590279973,"cdf","WNV cases"
"Tulare",2024-07-31,2024-08-31,4,0.463093537109193,"cdf","WNV cases"
"Tulare",2024-07-31,2024-09-30,4,0.654871427873201,"cdf","WNV cases"
"Tulare",2024-07-31,2024-10-31,4,0.846573590279973,"cdf","WNV cases"
"Tulare",2024-07-31,2024-11-30,4,1,"cdf","WNV cases"
"Tulare",2024-07-31,2024-12-31,4,1,"cdf","WNV cases"
"Fresno",2024-07-31,2024-05-31,5,0.99999985833085,"cdf","WNV cases"
"Fresno",2024-07-31,2024-06-30,5,0.999997891561562,"cdf","WNV cases"
"Fresno",2024-07-31,2024-07-31,5,0.955967807557248,"cdf","WNV cases"
"Fresno",2024-07-31,2024-08-31,5,0.9094400086493,"cdf","WNV cases"
"Fresno",2024-07-31,2024-09-30,5,0.97045197723093,"cdf","WNV cases"
"Fresno",2024-07-31,2024-10-31,5,0.999984039787164,"cdf","WNV cases"
"Fresno",2024-07-31,2024-11-30,5,0.999999999975793,"cdf","WNV cases"
"Fresno",2024-07-31,2024-12-31,5,0.999999999975793,"cdf","WNV cases"
"Kern",2024-07-31,2024-05-31,5,0.999996169995137,"cdf","WNV cases"
"Kern",2024-07-31,2024-06-30,5,0.999247962645748,"cdf","WNV cases"
"Kern",2024-07-31,2024-07-31,5,0.949715456292328,"cdf","WNV cases"
"Kern",2024-07-31,2024-08-31,5,0.855949330249152,"cdf","WNV cases"
"Kern",2024-07-31,2024-09-30,5,0.885201178442731,"cdf","WNV cases"
"Kern",2024-07-31,2024-10-31,5,0.982816748332805,"cdf","WNV cases"
"Kern",2024-07-31,2024-11-30,5,0.999247962645748,"cdf","WNV cases"
"Kern",2024-07-31,2024-12-31,5,0.999999997164893,"cdf","WNV cases"
"Los Angeles",2024-07-31,2024-05-31,5,1,"cdf","WNV cases"
"Los Angeles",2024-07-31,2024-06-30,5,1,"cdf","WNV cases"
"Los Angeles",2024-07-31,2024-07-31,5,0.999999349839973,"cdf","WNV cases"
"Los Angeles",2024-07-31,2024-08-31,5,0.999475205839018,"cdf","WNV cases"
"Los Angeles",2024-07-31,2024-09-30,5,0.999999958679466,"cdf","WNV cases"
"Los Angeles",2024-07-31,2024-10-31,5,0.999938174646888,"cdf","WNV cases"
"Los Angeles",2024-07-31,2024-11-30,5,1,"cdf","WNV cases"
"Los Angeles",2024-07-31,2024-12-31,5,1,"cdf","WNV cases"
"Merced",2024-07-31,2024-05-31,5,0.998728629668173,"cdf","WNV cases"
"Merced",2024-07-31,2024-06-30,5,0.998728629668173,"cdf","WNV cases"
"Merced",2024-07-31,2024-07-31,5,0.846573590279973,"cdf","WNV cases"
"Merced",2024-07-31,2024-08-31,5,0.0707840041850064,"cdf","WNV cases"
"Merced",2024-07-31,2024-09-30,5,0.0645200083232227,"cdf","WNV cases"
"Merced",2024-07-31,2024-10-31,5,0.84909112250365,"cdf","WNV cases"
"Merced",2024-07-31,2024-11-30,5,0.949672460757113,"cdf","WNV cases"
"Merced",2024-07-31,2024-12-31,5,0.998728629668173,"cdf","WNV cases"
"Orange",2024-07-31,2024-05-31,5,1,"cdf","WNV cases"
"Orange",2024-07-31,2024-06-30,5,1,"cdf","WNV cases"
"Orange",2024-07-31,2024-07-31,5,0.999999999999995,"cdf","WNV cases"
"Orange",2024-07-31,2024-08-31,5,0.999999999999995,"cdf","WNV cases"
"Orange",2024-07-31,2024-09-30,5,0.999999999999087,"cdf","WNV cases"
"Orange",2024-07-31,2024-10-31,5,0.999987305031494,"cdf","WNV cases"
"Orange",2024-07-31,2024-11-30,5,1,"cdf","WNV cases"
"Orange",2024-07-31,2024-12-31,5,1,"cdf","WNV cases"
"Placer",2024-07-31,2024-05-31,5,1,"cdf","WNV cases"
"Placer",2024-07-31,2024-06-30,5,1,"cdf","WNV cases"
"Placer",2024-07-31,2024-07-31,5,0.999978355641509,"cdf","WNV cases"
"Placer",2024-07-31,2024-08-31,5,0.934434033813357,"cdf","WNV cases"
"Placer",2024-07-31,2024-09-30,5,0.572415823428593,"cdf","WNV cases"
"Placer",2024-07-31,2024-10-31,5,0.998432058848615,"cdf","WNV cases"
"Placer",2024-07-31,2024-11-30,5,1,"cdf","WNV cases"
"Placer",2024-07-31,2024-12-31,5,1,"cdf","WNV cases"
"Riverside",2024-07-31,2024-05-31,5,1,"cdf","WNV cases"
"Riverside",2024-07-31,2024-06-30,5,1,"cdf","WNV cases"
"Riverside",2024-07-31,2024-07-31,5,1,"cdf","WNV cases"
"Riverside",2024-07-31,2024-08-31,5,0.997823078503212,"cdf","WNV cases"
"Riverside",2024-07-31,2024-09-30,5,0.999999999999984,"cdf","WNV cases"
"Riverside",2024-07-31,2024-10-31,5,0.99999999999928,"cdf","WNV cases"
"Riverside",2024-07-31,2024-11-30,5,1,"cdf","WNV cases"
"Riverside",2024-07-31,2024-12-31,5,1,"cdf","WNV cases"
"Sacramento",2024-07-31,2024-05-31,5,1,"cdf","WNV cases"
"Sacramento",2024-07-31,2024-06-30,5,0.999999999999999,"cdf","WNV cases"
"Sacramento",2024-07-31,2024-07-31,5,0.996173716032253,"cdf","WNV cases"
"Sacramento",2024-07-31,2024-08-31,5,0.97911230447297,"cdf","WNV cases"
"Sacramento",2024-07-31,2024-09-30,5,0.950341560880766,"cdf","WNV cases"
"Sacramento",2024-07-31,2024-10-31,5,0.999999999915637,"cdf","WNV cases"
"Sacramento",2024-07-31,2024-11-30,5,0.999999999999999,"cdf","WNV cases"
"Sacramento",2024-07-31,2024-12-31,5,1,"cdf","WNV cases"
"San Bernardino",2024-07-31,2024-05-31,5,1,"cdf","WNV cases"
"San Bernardino",2024-07-31,2024-06-30,5,1,"cdf","WNV cases"
"San Bernardino",2024-07-31,2024-07-31,5,0.999999999999785,"cdf","WNV cases"
"San Bernardino",2024-07-31,2024-08-31,5,0.986603081053889,"cdf","WNV cases"
"San Bernardino",2024-07-31,2024-09-30,5,0.999260733817958,"cdf","WNV cases"
"San Bernardino",2024-07-31,2024-10-31,5,0.999493335399914,"cdf","WNV cases"
"San Bernardino",2024-07-31,2024-11-30,5,0.999999999764164,"cdf","WNV cases"
"San Bernardino",2024-07-31,2024-12-31,5,1,"cdf","WNV cases"
"San Joaquin",2024-07-31,2024-05-31,5,0.999999999972422,"cdf","WNV cases"
"San Joaquin",2024-07-31,2024-06-30,5,0.999999997164893,"cdf","WNV cases"
"San Joaquin",2024-07-31,2024-07-31,5,0.999247962645748,"cdf","WNV cases"
"San Joaquin",2024-07-31,2024-08-31,5,0.650845296256477,"cdf","WNV cases"
"San Joaquin",2024-07-31,2024-09-30,5,0.920312484624234,"cdf","WNV cases"
"San Joaquin",2024-07-31,2024-10-31,5,0.999247962645748,"cdf","WNV cases"
"San Joaquin",2024-07-31,2024-11-30,5,0.999964218717261,"cdf","WNV cases"
"San Joaquin",2024-07-31,2024-12-31,5,1,"cdf","WNV cases"
"Solano",2024-07-31,2024-05-31,5,1,"cdf","WNV cases"
"Solano",2024-07-31,2024-06-30,5,0.999978355641509,"cdf","WNV cases"
"Solano",2024-07-31,2024-07-31,5,0.984778219628369,"cdf","WNV cases"
"Solano",2024-07-31,2024-08-31,5,0.966686843759523,"cdf","WNV cases"
"Solano",2024-07-31,2024-09-30,5,0.934434033813357,"cdf","WNV cases"
"Solano",2024-07-31,2024-10-31,5,0.994198416228907,"cdf","WNV cases"
"Solano",2024-07-31,2024-11-30,5,0.999998646368818,"cdf","WNV cases"
"Solano",2024-07-31,2024-12-31,5,0.999998646368818,"cdf","WNV cases"
"Stanislaus",2024-07-31,2024-05-31,5,0.999978355641509,"cdf","WNV cases"
"Stanislaus",2024-07-31,2024-06-30,5,0.999819841308901,"cdf","WNV cases"
"Stanislaus",2024-07-31,2024-07-31,5,0.934434033813357,"cdf","WNV cases"
"Stanislaus",2024-07-31,2024-08-31,5,0.56949516453828,"cdf","WNV cases"
"Stanislaus",2024-07-31,2024-09-30,5,0.649127823136736,"cdf","WNV cases"
"Stanislaus",2024-07-31,2024-10-31,5,0.984778219628369,"cdf","WNV cases"
"Stanislaus",2024-07-31,2024-11-30,5,0.994198416228907,"cdf","WNV cases"
"Stanislaus",2024-07-31,2024-12-31,5,1,"cdf","WNV cases"
"Tulare",2024-07-31,2024-05-31,5,0.999978355641509,"cdf","WNV cases"
"Tulare",2024-07-31,2024-06-30,5,0.999819841308901,"cdf","WNV cases"
"Tulare",2024-07-31,2024-07-31,5,0.966686843759523,"cdf","WNV cases"
"Tulare",2024-07-31,2024-08-31,5,0.589739170706747,"cdf","WNV cases"
"Tulare",2024-07-31,2024-09-30,5,0.809500469421236,"cdf","WNV cases"
"Tulare",2024-07-31,2024-10-31,5,0.966686843759523,"cdf","WNV cases"
"Tulare",2024-07-31,2024-11-30,5,1,"cdf","WNV cases"
"Tulare",2024-07-31,2024-12-31,5,1,"cdf","WNV cases"
"Fresno",2024-07-31,2024-05-31,6,0.999999995502238,"cdf","WNV cases"
"Fresno",2024-07-31,2024-06-30,6,0.999999893271538,"cdf","WNV cases"
"Fresno",2024-07-31,2024-07-31,6,0.96729703252675,"cdf","WNV cases"
"Fresno",2024-07-31,2024-08-31,6,0.947835881761595,"cdf","WNV cases"
"Fresno",2024-07-31,2024-09-30,6,0.986299688853395,"cdf","WNV cases"
"Fresno",2024-07-31,2024-10-31,6,0.999998846368542,"cdf","WNV cases"
"Fresno",2024-07-31,2024-11-30,6,0.999999999999823,"cdf","WNV cases"
"Fresno",2024-07-31,2024-12-31,6,0.999999999999823,"cdf","WNV cases"
"Kern",2024-07-31,2024-05-31,6,0.99999985833085,"cdf","WNV cases"
"Kern",2024-07-31,2024-06-30,6,0.99991464055307,"cdf","WNV cases"
"Kern",2024-07-31,2024-07-31,6,0.961902126956775,"cdf","WNV cases"
"Kern",2024-07-31,2024-08-31,6,0.941246121968443,"cdf","WNV cases"
"Kern",2024-07-31,2024-09-30,6,0.93106839909192,"cdf","WNV cases"
"Kern",2024-07-31,2024-10-31,6,0.988074296699202,"cdf","WNV cases"
"Kern",2024-07-31,2024-11-30,6,0.99991464055307,"cdf","WNV cases"
"Kern",2024-07-31,2024-12-31,6,0.999999999975793,"cdf","WNV cases"
"Los Angeles",2024-07-31,2024-05-31,6,1,"cdf","WNV cases"
"Los Angeles",2024-07-31,2024-06-30,6,1,"cdf","WNV cases"
"Los Angeles",2024-07-31,2024-07-31,6,0.999999849583067,"cdf","WNV cases"
"Los Angeles",2024-07-31,2024-08-31,6,0.999798042010196,"cdf","WNV cases"
"Los Angeles",2024-07-31,2024-09-30,6,0.999999998125355,"cdf","WNV cases"
"Los Angeles",2024-07-31,2024-10-31,6,0.99997731214942,"cdf","WNV cases"
"Los Angeles",2024-07-31,2024-11-30,6,1,"cdf","WNV cases"
"Los Angeles",2024-07-31,2024-12-31,6,1,"cdf","WNV cases"
"Merced",2024-07-31,2024-05-31,6,0.998728629668173,"cdf","WNV cases"
"Merced",2024-07-31,2024-06-30,6,0.998728629668173,"cdf","WNV cases"
"Merced",2024-07-31,2024-07-31,6,0.846573590279973,"cdf","WNV cases"
"Merced",2024-07-31,2024-08-31,6,0.103008165113342,"cdf","WNV cases"
"Merced",2024-07-31,2024-09-30,6,0.0967414903480054,"cdf","WNV cases"
"Merced",2024-07-31,2024-10-31,6,0.869916481863745,"cdf","WNV cases"
"Merced",2024-07-31,2024-11-30,6,0.949672460757113,"cdf","WNV cases"
"Merced",2024-07-31,2024-12-31,6,0.998728629668173,"cdf","WNV cases"
"Orange",2024-07-31,2024-05-31,6,1,"cdf","WNV cases"
"Orange",2024-07-31,2024-06-30,6,1,"cdf","WNV cases"
"Orange",2024-07-31,2024-07-31,6,1,"cdf","WNV cases"
"Orange",2024-07-31,2024-08-31,6,1,"cdf","WNV cases"
"Orange",2024-07-31,2024-09-30,6,0.999999999999999,"cdf","WNV cases"
"Orange",2024-07-31,2024-10-31,6,0.999995888729599,"cdf","WNV cases"
"Orange",2024-07-31,2024-11-30,6,1,"cdf","WNV cases"
"Orange",2024-07-31,2024-12-31,6,1,"cdf","WNV cases"
"Placer",2024-07-31,2024-05-31,6,1,"cdf","WNV cases"
"Placer",2024-07-31,2024-06-30,6,1,"cdf","WNV cases"
"Placer",2024-07-31,2024-07-31,6,0.999978355641509,"cdf","WNV cases"
"Placer",2024-07-31,2024-08-31,6,0.934434033813357,"cdf","WNV cases"
"Placer",2024-07-31,2024-09-30,6,0.664601833124542,"cdf","WNV cases"
"Placer",2024-07-31,2024-10-31,6,0.998432058848615,"cdf","WNV cases"
"Placer",2024-07-31,2024-11-30,6,1,"cdf","WNV cases"
"Placer",2024-07-31,2024-12-31,6,1,"cdf","WNV cases"
"Riverside",2024-07-31,2024-05-31,6,1,"cdf","WNV cases"
"Riverside",2024-07-31,2024-06-30,6,1,"cdf","WNV cases"
"Riverside",2024-07-31,2024-07-31,6,1,"cdf","WNV cases"
"Riverside",2024-07-31,2024-08-31,6,0.999133573752573,"cdf","WNV cases"
"Riverside",2024-07-31,2024-09-30,6,1,"cdf","WNV cases"
"Riverside",2024-07-31,2024-10-31,6,0.999999999999998,"cdf","WNV cases"
"Riverside",2024-07-31,2024-11-30,6,1,"cdf","WNV cases"
"Riverside",2024-07-31,2024-12-31,6,1,"cdf","WNV cases"
"Sacramento",2024-07-31,2024-05-31,6,1,"cdf","WNV cases"
"Sacramento",2024-07-31,2024-06-30,6,1,"cdf","WNV cases"
"Sacramento",2024-07-31,2024-07-31,6,0.998616719124527,"cdf","WNV cases"
"Sacramento",2024-07-31,2024-08-31,6,0.989937708410138,"cdf","WNV cases"
"Sacramento",2024-07-31,2024-09-30,6,0.96264258012412,"cdf","WNV cases"
"Sacramento",2024-07-31,2024-10-31,6,0.999999999999168,"cdf","WNV cases"
"Sacramento",2024-07-31,2024-11-30,6,1,"cdf","WNV cases"
"Sacramento",2024-07-31,2024-12-31,6,1,"cdf","WNV cases"
"San Bernardino",2024-07-31,2024-05-31,6,1,"cdf","WNV cases"
"San Bernardino",2024-07-31,2024-06-30,6,1,"cdf","WNV cases"
"San Bernardino",2024-07-31,2024-07-31,6,1,"cdf","WNV cases"
"San Bernardino",2024-07-31,2024-08-31,6,0.991185021795348,"cdf","WNV cases"
"San Bernardino",2024-07-31,2024-09-30,6,0.999778776891072,"cdf","WNV cases"
"San Bernardino",2024-07-31,2024-10-31,6,0.99976451088439,"cdf","WNV cases"
"San Bernardino",2024-07-31,2024-11-30,6,0.999999999999964,"cdf","WNV cases"
"San Bernardino",2024-07-31,2024-12-31,6,1,"cdf","WNV cases"
"San Joaquin",2024-07-31,2024-05-31,6,0.999999999972422,"cdf","WNV cases"
"San Joaquin",2024-07-31,2024-06-30,6,0.999999997164893,"cdf","WNV cases"
"San Joaquin",2024-07-31,2024-07-31,6,0.999247962645748,"cdf","WNV cases"
"San Joaquin",2024-07-31,2024-08-31,6,0.788620664798262,"cdf","WNV cases"
"San Joaquin",2024-07-31,2024-09-30,6,0.95798201406421,"cdf","WNV cases"
"San Joaquin",2024-07-31,2024-10-31,6,0.999247962645748,"cdf","WNV cases"
"San Joaquin",2024-07-31,2024-11-30,6,0.999964218717261,"cdf","WNV cases"
"San Joaquin",2024-07-31,2024-12-31,6,1,"cdf","WNV cases"
"Solano",2024-07-31,2024-05-31,6,1,"cdf","WNV cases"
"Solano",2024-07-31,2024-06-30,6,0.999978355641509,"cdf","WNV cases"
"Solano",2024-07-31,2024-07-31,6,0.984778219628369,"cdf","WNV cases"
"Solano",2024-07-31,2024-08-31,6,0.966686843759523,"cdf","WNV cases"
"Solano",2024-07-31,2024-09-30,6,0.934434033813357,"cdf","WNV cases"
"Solano",2024-07-31,2024-10-31,6,0.994198416228907,"cdf","WNV cases"
"Solano",2024-07-31,2024-11-30,6,0.999998646368818,"cdf","WNV cases"
"Solano",2024-07-31,2024-12-31,6,0.999998646368818,"cdf","WNV cases"
"Stanislaus",2024-07-31,2024-05-31,6,0.99999972316226,"cdf","WNV cases"
"Stanislaus",2024-07-31,2024-06-30,6,0.999995279815392,"cdf","WNV cases"
"Stanislaus",2024-07-31,2024-07-31,6,0.985721190431326,"cdf","WNV cases"
"Stanislaus",2024-07-31,2024-08-31,6,0.654221514897947,"cdf","WNV cases"
"Stanislaus",2024-07-31,2024-09-30,6,0.746989279645638,"cdf","WNV cases"
"Stanislaus",2024-07-31,2024-10-31,6,0.998107847400262,"cdf","WNV cases"
"Stanislaus",2024-07-31,2024-11-30,6,0.999492180452814,"cdf","WNV cases"
"Stanislaus",2024-07-31,2024-12-31,6,1,"cdf","WNV cases"
"Tulare",2024-07-31,2024-05-31,6,0.999978355641509,"cdf","WNV cases"
"Tulare",2024-07-31,2024-06-30,6,0.999819841308901,"cdf","WNV cases"
"Tulare",2024-07-31,2024-07-31,6,0.966686843759523,"cdf","WNV cases"
"Tulare",2024-07-31,2024-08-31,6,0.690297602002834,"cdf","WNV cases"
"Tulare",2024-07-31,2024-09-30,6,0.899478196765804,"cdf","WNV cases"
"Tulare",2024-07-31,2024-10-31,6,0.966686843759523,"cdf","WNV cases"
"Tulare",2024-07-31,2024-11-30,6,1,"cdf","WNV cases"
"Tulare",2024-07-31,2024-12-31,6,1,"cdf","WNV cases"
"Fresno",2024-07-31,2024-05-31,8,0.999999999996907,"cdf","WNV cases"
"Fresno",2024-07-31,2024-06-30,8,0.999999999813143,"cdf","WNV cases"
"Fresno",2024-07-31,2024-07-31,8,0.98023039088363,"cdf","WNV cases"
"Fresno",2024-07-31,2024-08-31,8,0.981156037970127,"cdf","WNV cases"
"Fresno",2024-07-31,2024-09-30,8,0.996685120988548,"cdf","WNV cases"
"Fresno",2024-07-31,2024-10-31,8,0.999999995874263,"cdf","WNV cases"
"Fresno",2024-07-31,2024-11-30,8,1,"cdf","WNV cases"
"Fresno",2024-07-31,2024-12-31,8,1,"cdf","WNV cases"
"Kern",2024-07-31,2024-05-31,8,0.99999999987494,"cdf","WNV cases"
"Kern",2024-07-31,2024-06-30,8,0.999999284571938,"cdf","WNV cases"
"Kern",2024-07-31,2024-07-31,8,0.976179321798479,"cdf","WNV cases"
"Kern",2024-07-31,2024-08-31,8,0.990942242990652,"cdf","WNV cases"
"Kern",2024-07-31,2024-09-30,8,0.973349447381283,"cdf","WNV cases"
"Kern",2024-07-31,2024-10-31,8,0.993571798685543,"cdf","WNV cases"
"Kern",2024-07-31,2024-11-30,8,0.999999284571938,"cdf","WNV cases"
"Kern",2024-07-31,2024-12-31,8,0.999999999999999,"cdf","WNV cases"
"Los Angeles",2024-07-31,2024-05-31,8,1,"cdf","WNV cases"
"Los Angeles",2024-07-31,2024-06-30,8,1,"cdf","WNV cases"
"Los Angeles",2024-07-31,2024-07-31,8,0.999999987264221,"cdf","WNV cases"
"Los Angeles",2024-07-31,2024-08-31,8,0.99996072666002,"cdf","WNV cases"
"Los Angeles",2024-07-31,2024-09-30,8,0.999999999991912,"cdf","WNV cases"
"Los Angeles",2024-07-31,2024-10-31,8,0.999995829697734,"cdf","WNV cases"
"Los Angeles",2024-07-31,2024-11-30,8,1,"cdf","WNV cases"
"Los Angeles",2024-07-31,2024-12-31,8,1,"cdf","WNV cases"
"Merced",2024-07-31,2024-05-31,8,0.999978355641509,"cdf","WNV cases"
"Merced",2024-07-31,2024-06-30,8,0.999978355641509,"cdf","WNV cases"
"Merced",2024-07-31,2024-07-31,8,0.966686843759523,"cdf","WNV cases"
"Merced",2024-07-31,2024-08-31,8,0.219875162227388,"cdf","WNV cases"
"Merced",2024-07-31,2024-09-30,8,0.238328269154972,"cdf","WNV cases"
"Merced",2024-07-31,2024-10-31,8,0.898781582294144,"cdf","WNV cases"
"Merced",2024-07-31,2024-11-30,8,0.994198416228907,"cdf","WNV cases"
"Merced",2024-07-31,2024-12-31,8,0.999978355641509,"cdf","WNV cases"
"Orange",2024-07-31,2024-05-31,8,1,"cdf","WNV cases"
"Orange",2024-07-31,2024-06-30,8,1,"cdf","WNV cases"
"Orange",2024-07-31,2024-07-31,8,1,"cdf","WNV cases"
"Orange",2024-07-31,2024-08-31,8,1,"cdf","WNV cases"
"Orange",2024-07-31,2024-09-30,8,1,"cdf","WNV cases"
"Orange",2024-07-31,2024-10-31,8,0.999999387069043,"cdf","WNV cases"
"Orange",2024-07-31,2024-11-30,8,1,"cdf","WNV cases"
"Orange",2024-07-31,2024-12-31,8,1,"cdf","WNV cases"
"Placer",2024-07-31,2024-05-31,8,1,"cdf","WNV cases"
"Placer",2024-07-31,2024-06-30,8,1,"cdf","WNV cases"
"Placer",2024-07-31,2024-07-31,8,0.99999972316226,"cdf","WNV cases"
"Placer",2024-07-31,2024-08-31,8,0.985721190431326,"cdf","WNV cases"
"Placer",2024-07-31,2024-09-30,8,0.79680258758608,"cdf","WNV cases"
"Placer",2024-07-31,2024-10-31,8,0.999913525085807,"cdf","WNV cases"
"Placer",2024-07-31,2024-11-30,8,1,"cdf","WNV cases"
"Placer",2024-07-31,2024-12-31,8,1,"cdf","WNV cases"
"Riverside",2024-07-31,2024-05-31,8,1,"cdf","WNV cases"
"Riverside",2024-07-31,2024-06-30,8,1,"cdf","WNV cases"
"Riverside",2024-07-31,2024-07-31,8,1,"cdf","WNV cases"
"Riverside",2024-07-31,2024-08-31,8,0.999827408322005,"cdf","WNV cases"
"Riverside",2024-07-31,2024-09-30,8,1,"cdf","WNV cases"
"Riverside",2024-07-31,2024-10-31,8,1,"cdf","WNV cases"
"Riverside",2024-07-31,2024-11-30,8,1,"cdf","WNV cases"
"Riverside",2024-07-31,2024-12-31,8,1,"cdf","WNV cases"
"Sacramento",2024-07-31,2024-05-31,8,1,"cdf","WNV cases"
"Sacramento",2024-07-31,2024-06-30,8,1,"cdf","WNV cases"
"Sacramento",2024-07-31,2024-07-31,8,0.999775811542947,"cdf","WNV cases"
"Sacramento",2024-07-31,2024-08-31,8,0.997278208233439,"cdf","WNV cases"
"Sacramento",2024-07-31,2024-09-30,8,0.976921287428674,"cdf","WNV cases"
"Sacramento",2024-07-31,2024-10-31,8,1,"cdf","WNV cases"
"Sacramento",2024-07-31,2024-11-30,8,1,"cdf","WNV cases"
"Sacramento",2024-07-31,2024-12-31,8,1,"cdf","WNV cases"
"San Bernardino",2024-07-31,2024-05-31,8,1,"cdf","WNV cases"
"San Bernardino",2024-07-31,2024-06-30,8,1,"cdf","WNV cases"
"San Bernardino",2024-07-31,2024-07-31,8,1,"cdf","WNV cases"
"San Bernardino",2024-07-31,2024-08-31,8,0.995658210262837,"cdf","WNV cases"
"San Bernardino",2024-07-31,2024-09-30,8,0.999973495607001,"cdf","WNV cases"
"San Bernardino",2024-07-31,2024-10-31,8,0.999935485597849,"cdf","WNV cases"
"San Bernardino",2024-07-31,2024-11-30,8,1,"cdf","WNV cases"
"San Bernardino",2024-07-31,2024-12-31,8,1,"cdf","WNV cases"
"San Joaquin",2024-07-31,2024-05-31,8,1,"cdf","WNV cases"
"San Joaquin",2024-07-31,2024-06-30,8,0.999999999999823,"cdf","WNV cases"
"San Joaquin",2024-07-31,2024-07-31,8,0.999991658205036,"cdf","WNV cases"
"San Joaquin",2024-07-31,2024-08-31,8,0.928129810300551,"cdf","WNV cases"
"San Joaquin",2024-07-31,2024-09-30,8,0.987465125127919,"cdf","WNV cases"
"San Joaquin",2024-07-31,2024-10-31,8,0.999991658205036,"cdf","WNV cases"
"San Joaquin",2024-07-31,2024-11-30,8,0.999999893271538,"cdf","WNV cases"
"San Joaquin",2024-07-31,2024-12-31,8,1,"cdf","WNV cases"
"Solano",2024-07-31,2024-05-31,8,1,"cdf","WNV cases"
"Solano",2024-07-31,2024-06-30,8,0.99999972316226,"cdf","WNV cases"
"Solano",2024-07-31,2024-07-31,8,0.998107847400262,"cdf","WNV cases"
"Solano",2024-07-31,2024-08-31,8,0.994438898091934,"cdf","WNV cases"
"Solano",2024-07-31,2024-09-30,8,0.985721190431326,"cdf","WNV cases"
"Solano",2024-07-31,2024-10-31,8,0.999492180452814,"cdf","WNV cases"
"Solano",2024-07-31,2024-11-30,8,0.999999993170164,"cdf","WNV cases"
"Solano",2024-07-31,2024-12-31,8,0.999999993170164,"cdf","WNV cases"
"Stanislaus",2024-07-31,2024-05-31,8,0.999999997164893,"cdf","WNV cases"
"Stanislaus",2024-07-31,2024-06-30,8,0.99999990088827,"cdf","WNV cases"
"Stanislaus",2024-07-31,2024-07-31,8,0.997469676999632,"cdf","WNV cases"
"Stanislaus",2024-07-31,2024-08-31,8,0.774688301280117,"cdf","WNV cases"
"Stanislaus",2024-07-31,2024-09-30,8,0.867377494121514,"cdf","WNV cases"
"Stanislaus",2024-07-31,2024-10-31,8,0.999810126255548,"cdf","WNV cases"
"Stanislaus",2024-07-31,2024-11-30,8,0.999964218717261,"cdf","WNV cases"
"Stanislaus",2024-07-31,2024-12-31,8,1,"cdf","WNV cases"
"Tulare",2024-07-31,2024-05-31,8,0.99999972316226,"cdf","WNV cases"
"Tulare",2024-07-31,2024-06-30,8,0.999995279815392,"cdf","WNV cases"
"Tulare",2024-07-31,2024-07-31,8,0.994438898091934,"cdf","WNV cases"
"Tulare",2024-07-31,2024-08-31,8,0.824448135656199,"cdf","WNV cases"
"Tulare",2024-07-31,2024-09-30,8,0.972965415576458,"cdf","WNV cases"
"Tulare",2024-07-31,2024-10-31,8,0.994438898091934,"cdf","WNV cases"
"Tulare",2024-07-31,2024-11-30,8,1,"cdf","WNV cases"
"Tulare",2024-07-31,2024-12-31,8,1,"cdf","WNV cases"
"Fresno",2024-07-31,2024-05-31,10,0.999999999999999,"cdf","WNV cases"
"Fresno",2024-07-31,2024-06-30,10,0.999999999999785,"cdf","WNV cases"
"Fresno",2024-07-31,2024-07-31,10,0.987002625166804,"cdf","WNV cases"
"Fresno",2024-07-31,2024-08-31,10,0.99247471991503,"cdf","WNV cases"
"Fresno",2024-07-31,2024-09-30,10,0.99907696172628,"cdf","WNV cases"
"Fresno",2024-07-31,2024-10-31,10,0.999999999990299,"cdf","WNV cases"
"Fresno",2024-07-31,2024-11-30,10,1,"cdf","WNV cases"
"Fresno",2024-07-31,2024-12-31,10,1,"cdf","WNV cases"
"Kern",2024-07-31,2024-05-31,10,0.999999999999931,"cdf","WNV cases"
"Kern",2024-07-31,2024-06-30,10,0.999999996236708,"cdf","WNV cases"
"Kern",2024-07-31,2024-07-31,10,0.983893095332485,"cdf","WNV cases"
"Kern",2024-07-31,2024-08-31,10,0.998577929858052,"cdf","WNV cases"
"Kern",2024-07-31,2024-09-30,10,0.988764390839731,"cdf","WNV cases"
"Kern",2024-07-31,2024-10-31,10,0.9961587313875,"cdf","WNV cases"
"Kern",2024-07-31,2024-11-30,10,0.999999996236708,"cdf","WNV cases"
"Kern",2024-07-31,2024-12-31,10,1,"cdf","WNV cases"
"Los Angeles",2024-07-31,2024-05-31,10,1,"cdf","WNV cases"
"Los Angeles",2024-07-31,2024-06-30,10,1,"cdf","WNV cases"
"Los Angeles",2024-07-31,2024-07-31,10,0.999999998360202,"cdf","WNV cases"
"Los Angeles",2024-07-31,2024-08-31,10,0.999990130979108,"cdf","WNV cases"
"Los Angeles",2024-07-31,2024-09-30,10,0.999999999999927,"cdf","WNV cases"
"Los Angeles",2024-07-31,2024-10-31,10,0.999998980591306,"cdf","WNV cases"
"Los Angeles",2024-07-31,2024-11-30,10,1,"cdf","WNV cases"
"Los Angeles",2024-07-31,2024-12-31,10,1,"cdf","WNV cases"
"Merced",2024-07-31,2024-05-31,10,0.999978355641509,"cdf","WNV cases"
"Merced",2024-07-31,2024-06-30,10,0.999978355641509,"cdf","WNV cases"
"Merced",2024-07-31,2024-07-31,10,0.966686843759523,"cdf","WNV cases"
"Merced",2024-07-31,2024-08-31,10,0.377599658133219,"cdf","WNV cases"
"Merced",2024-07-31,2024-09-30,10,0.440908386187774,"cdf","WNV cases"
"Merced",2024-07-31,2024-10-31,10,0.917858512483965,"cdf","WNV cases"
"Merced",2024-07-31,2024-11-30,10,0.994198416228907,"cdf","WNV cases"
"Merced",2024-07-31,2024-12-31,10,0.999978355641509,"cdf","WNV cases"
"Orange",2024-07-31,2024-05-31,10,1,"cdf","WNV cases"
"Orange",2024-07-31,2024-06-30,10,1,"cdf","WNV cases"
"Orange",2024-07-31,2024-07-31,10,1,"cdf","WNV cases"
"Orange",2024-07-31,2024-08-31,10,1,"cdf","WNV cases"
"Orange",2024-07-31,2024-09-30,10,1,"cdf","WNV cases"
"Orange",2024-07-31,2024-10-31,10,0.999999873933169,"cdf","WNV cases"
"Orange",2024-07-31,2024-11-30,10,1,"cdf","WNV cases"
"Orange",2024-07-31,2024-12-31,10,1,"cdf","WNV cases"
"Placer",2024-07-31,2024-05-31,10,1,"cdf","WNV cases"
"Placer",2024-07-31,2024-06-30,10,1,"cdf","WNV cases"
"Placer",2024-07-31,2024-07-31,10,0.999999997164893,"cdf","WNV cases"
"Placer",2024-07-31,2024-08-31,10,0.997469676999632,"cdf","WNV cases"
"Placer",2024-07-31,2024-09-30,10,0.876401688315903,"cdf","WNV cases"
"Placer",2024-07-31,2024-10-31,10,0.999996169995137,"cdf","WNV cases"
"Placer",2024-07-31,2024-11-30,10,1,"cdf","WNV cases"
"Placer",2024-07-31,2024-12-31,10,1,"cdf","WNV cases"
"Riverside",2024-07-31,2024-05-31,10,1,"cdf","WNV cases"
"Riverside",2024-07-31,2024-06-30,10,1,"cdf","WNV cases"
"Riverside",2024-07-31,2024-07-31,10,1,"cdf","WNV cases"
"Riverside",2024-07-31,2024-08-31,10,0.99995690865787,"cdf","WNV cases"
"Riverside",2024-07-31,2024-09-30,10,1,"cdf","WNV cases"
"Riverside",2024-07-31,2024-10-31,10,1,"cdf","WNV cases"
"Riverside",2024-07-31,2024-11-30,10,1,"cdf","WNV cases"
"Riverside",2024-07-31,2024-12-31,10,1,"cdf","WNV cases"
"Sacramento",2024-07-31,2024-05-31,10,1,"cdf","WNV cases"
"Sacramento",2024-07-31,2024-06-30,10,1,"cdf","WNV cases"
"Sacramento",2024-07-31,2024-07-31,10,0.999954490813205,"cdf","WNV cases"
"Sacramento",2024-07-31,2024-08-31,10,0.999135711252623,"cdf","WNV cases"
"Sacramento",2024-07-31,2024-09-30,10,0.984550273628694,"cdf","WNV cases"
"Sacramento",2024-07-31,2024-10-31,10,1,"cdf","WNV cases"
"Sacramento",2024-07-31,2024-11-30,10,1,"cdf","WNV cases"
"Sacramento",2024-07-31,2024-12-31,10,1,"cdf","WNV cases"
"San Bernardino",2024-07-31,2024-05-31,10,1,"cdf","WNV cases"
"San Bernardino",2024-07-31,2024-06-30,10,1,"cdf","WNV cases"
"San Bernardino",2024-07-31,2024-07-31,10,1,"cdf","WNV cases"
"San Bernardino",2024-07-31,2024-08-31,10,0.997593015974257,"cdf","WNV cases"
"San Bernardino",2024-07-31,2024-09-30,10,0.999995754548956,"cdf","WNV cases"
"San Bernardino",2024-07-31,2024-10-31,10,0.999978027732702,"cdf","WNV cases"
"San Bernardino",2024-07-31,2024-11-30,10,1,"cdf","WNV cases"
"San Bernardino",2024-07-31,2024-12-31,10,1,"cdf","WNV cases"
"San Joaquin",2024-07-31,2024-05-31,10,1,"cdf","WNV cases"
"San Joaquin",2024-07-31,2024-06-30,10,1,"cdf","WNV cases"
"San Joaquin",2024-07-31,2024-07-31,10,0.999999945346278,"cdf","WNV cases"
"San Joaquin",2024-07-31,2024-08-31,10,0.976003133719285,"cdf","WNV cases"
"San Joaquin",2024-07-31,2024-09-30,10,0.995876915130407,"cdf","WNV cases"
"San Joaquin",2024-07-31,2024-10-31,10,0.999999945346278,"cdf","WNV cases"
"San Joaquin",2024-07-31,2024-11-30,10,0.999999999813143,"cdf","WNV cases"
"San Joaquin",2024-07-31,2024-12-31,10,1,"cdf","WNV cases"
"Solano",2024-07-31,2024-05-31,10,1,"cdf","WNV cases"
"Solano",2024-07-31,2024-06-30,10,0.999999997164893,"cdf","WNV cases"
"Solano",2024-07-31,2024-07-31,10,0.999810126255548,"cdf","WNV cases"
"Solano",2024-07-31,2024-08-31,10,0.999247962645748,"cdf","WNV cases"
"Solano",2024-07-31,2024-09-30,10,0.997469676999632,"cdf","WNV cases"
"Solano",2024-07-31,2024-10-31,10,0.999964218717261,"cdf","WNV cases"
"Solano",2024-07-31,2024-11-30,10,0.999999999972422,"cdf","WNV cases"
"Solano",2024-07-31,2024-12-31,10,0.999999999972422,"cdf","WNV cases"
"Stanislaus",2024-07-31,2024-05-31,10,0.999999999975793,"cdf","WNV cases"
"Stanislaus",2024-07-31,2024-06-30,10,0.999999998263994,"cdf","WNV cases"
"Stanislaus",2024-07-31,2024-07-31,10,0.99962268287085,"cdf","WNV cases"
"Stanislaus",2024-07-31,2024-08-31,10,0.849976997114882,"cdf","WNV cases"
"Stanislaus",2024-07-31,2024-09-30,10,0.928472718698579,"cdf","WNV cases"
"Stanislaus",2024-07-31,2024-10-31,10,0.999984039787164,"cdf","WNV cases"
"Stanislaus",2024-07-31,2024-11-30,10,0.999997891561562,"cdf","WNV cases"
"Stanislaus",2024-07-31,2024-12-31,10,1,"cdf","WNV cases"
"Tulare",2024-07-31,2024-05-31,10,0.999999997164893,"cdf","WNV cases"
"Tulare",2024-07-31,2024-06-30,10,0.99999990088827,"cdf","WNV cases"
"Tulare",2024-07-31,2024-07-31,10,0.999247962645748,"cdf","WNV cases"
"Tulare",2024-07-31,2024-08-31,10,0.898996573405435,"cdf","WNV cases"
"Tulare",2024-07-31,2024-09-30,10,0.992551797499396,"cdf","WNV cases"
"Tulare",2024-07-31,2024-10-31,10,0.999247962645748,"cdf","WNV cases"
"Tulare",2024-07-31,2024-11-30,10,1,"cdf","WNV cases"
"Tulare",2024-07-31,2024-12-31,10,1,"cdf","WNV cases"
"Fresno",2024-07-31,2024-05-31,15,1,"cdf","WNV cases"
"Fresno",2024-07-31,2024-06-30,15,1,"cdf","WNV cases"
"Fresno",2024-07-31,2024-07-31,15,0.994320117736801,"cdf","WNV cases"
"Fresno",2024-07-31,2024-08-31,15,0.998942457983527,"cdf","WNV cases"
"Fresno",2024-07-31,2024-09-30,15,0.999939763005294,"cdf","WNV cases"
"Fresno",2024-07-31,2024-10-31,15,1,"cdf","WNV cases"
"Fresno",2024-07-31,2024-11-30,15,1,"cdf","WNV cases"
"Fresno",2024-07-31,2024-12-31,15,1,"cdf","WNV cases"
"Kern",2024-07-31,2024-05-31,15,1,"cdf","WNV cases"
"Kern",2024-07-31,2024-06-30,15,0.999999999999964,"cdf","WNV cases"
"Kern",2024-07-31,2024-07-31,15,0.99256024264364,"cdf","WNV cases"
"Kern",2024-07-31,2024-08-31,15,0.999980591463434,"cdf","WNV cases"
"Kern",2024-07-31,2024-09-30,15,0.99825323498581,"cdf","WNV cases"
"Kern",2024-07-31,2024-10-31,15,0.998609330622186,"cdf","WNV cases"
"Kern",2024-07-31,2024-11-30,15,0.999999999999964,"cdf","WNV cases"
"Kern",2024-07-31,2024-12-31,15,1,"cdf","WNV cases"
"Los Angeles",2024-07-31,2024-05-31,15,1,"cdf","WNV cases"
"Los Angeles",2024-07-31,2024-06-30,15,1,"cdf","WNV cases"
"Los Angeles",2024-07-31,2024-07-31,15,0.999999999970769,"cdf","WNV cases"
"Los Angeles",2024-07-31,2024-08-31,15,0.99999937518346,"cdf","WNV cases"
"Los Angeles",2024-07-31,2024-09-30,15,1,"cdf","WNV cases"
"Los Angeles",2024-07-31,2024-10-31,15,0.999999936326705,"cdf","WNV cases"
"Los Angeles",2024-07-31,2024-11-30,15,1,"cdf","WNV cases"
"Los Angeles",2024-07-31,2024-12-31,15,1,"cdf","WNV cases"
"Merced",2024-07-31,2024-05-31,15,0.999999997164893,"cdf","WNV cases"
"Merced",2024-07-31,2024-06-30,15,0.999999997164893,"cdf","WNV cases"
"Merced",2024-07-31,2024-07-31,15,0.999247962645748,"cdf","WNV cases"
"Merced",2024-07-31,2024-08-31,15,0.722315821194998,"cdf","WNV cases"
"Merced",2024-07-31,2024-09-30,15,0.827774051807647,"cdf","WNV cases"
"Merced",2024-07-31,2024-10-31,15,0.945592844216671,"cdf","WNV cases"
"Merced",2024-07-31,2024-11-30,15,0.999964218717261,"cdf","WNV cases"
"Merced",2024-07-31,2024-12-31,15,0.999999997164893,"cdf","WNV cases"
"Orange",2024-07-31,2024-05-31,15,1,"cdf","WNV cases"
"Orange",2024-07-31,2024-06-30,15,1,"cdf","WNV cases"
"Orange",2024-07-31,2024-07-31,15,1,"cdf","WNV cases"
"Orange",2024-07-31,2024-08-31,15,1,"cdf","WNV cases"
"Orange",2024-07-31,2024-09-30,15,1,"cdf","WNV cases"
"Orange",2024-07-31,2024-10-31,15,0.999999994376641,"cdf","WNV cases"
"Orange",2024-07-31,2024-11-30,15,1,"cdf","WNV cases"
"Orange",2024-07-31,2024-12-31,15,1,"cdf","WNV cases"
"Placer",2024-07-31,2024-05-31,15,1,"cdf","WNV cases"
"Placer",2024-07-31,2024-06-30,15,1,"cdf","WNV cases"
"Placer",2024-07-31,2024-07-31,15,0.999999999999823,"cdf","WNV cases"
"Placer",2024-07-31,2024-08-31,15,0.999951479425094,"cdf","WNV cases"
"Placer",2024-07-31,2024-09-30,15,0.961479276632106,"cdf","WNV cases"
"Placer",2024-07-31,2024-10-31,15,0.999999995502238,"cdf","WNV cases"
"Placer",2024-07-31,2024-11-30,15,1,"cdf","WNV cases"
"Placer",2024-07-31,2024-12-31,15,1,"cdf","WNV cases"
"Riverside",2024-07-31,2024-05-31,15,1,"cdf","WNV cases"
"Riverside",2024-07-31,2024-06-30,15,1,"cdf","WNV cases"
"Riverside",2024-07-31,2024-07-31,15,1,"cdf","WNV cases"
"Riverside",2024-07-31,2024-08-31,15,0.999997454640146,"cdf","WNV cases"
"Riverside",2024-07-31,2024-09-30,15,1,"cdf","WNV cases"
"Riverside",2024-07-31,2024-10-31,15,1,"cdf","WNV cases"
"Riverside",2024-07-31,2024-11-30,15,1,"cdf","WNV cases"
"Riverside",2024-07-31,2024-12-31,15,1,"cdf","WNV cases"
"Sacramento",2024-07-31,2024-05-31,15,1,"cdf","WNV cases"
"Sacramento",2024-07-31,2024-06-30,15,1,"cdf","WNV cases"
"Sacramento",2024-07-31,2024-07-31,15,0.999998341715791,"cdf","WNV cases"
"Sacramento",2024-07-31,2024-08-31,15,0.999920549007518,"cdf","WNV cases"
"Sacramento",2024-07-31,2024-09-30,15,0.993003362811211,"cdf","WNV cases"
"Sacramento",2024-07-31,2024-10-31,15,1,"cdf","WNV cases"
"Sacramento",2024-07-31,2024-11-30,15,1,"cdf","WNV cases"
"Sacramento",2024-07-31,2024-12-31,15,1,"cdf","WNV cases"
"San Bernardino",2024-07-31,2024-05-31,15,1,"cdf","WNV cases"
"San Bernardino",2024-07-31,2024-06-30,15,1,"cdf","WNV cases"
"San Bernardino",2024-07-31,2024-07-31,15,1,"cdf","WNV cases"
"San Bernardino",2024-07-31,2024-08-31,15,0.999248255822449,"cdf","WNV cases"
"San Bernardino",2024-07-31,2024-09-30,15,0.999999899833658,"cdf","WNV cases"
"San Bernardino",2024-07-31,2024-10-31,15,0.999997365438121,"cdf","WNV cases"
"San Bernardino",2024-07-31,2024-11-30,15,1,"cdf","WNV cases"
"San Bernardino",2024-07-31,2024-12-31,15,1,"cdf","WNV cases"
"San Joaquin",2024-07-31,2024-05-31,15,1,"cdf","WNV cases"
"San Joaquin",2024-07-31,2024-06-30,15,1,"cdf","WNV cases"
"San Joaquin",2024-07-31,2024-07-31,15,0.99999999999928,"cdf","WNV cases"
"San Joaquin",2024-07-31,2024-08-31,15,0.998235953247301,"cdf","WNV cases"
"San Joaquin",2024-07-31,2024-09-30,15,0.999633416508124,"cdf","WNV cases"
"San Joaquin",2024-07-31,2024-10-31,15,0.99999999999928,"cdf","WNV cases"
"San Joaquin",2024-07-31,2024-11-30,15,1,"cdf","WNV cases"
"San Joaquin",2024-07-31,2024-12-31,15,1,"cdf","WNV cases"
"Solano",2024-07-31,2024-05-31,15,1,"cdf","WNV cases"
"Solano",2024-07-31,2024-06-30,15,0.999999999999823,"cdf","WNV cases"
"Solano",2024-07-31,2024-07-31,15,0.999998846368542,"cdf","WNV cases"
"Solano",2024-07-31,2024-08-31,15,0.999991658205036,"cdf","WNV cases"
"Solano",2024-07-31,2024-09-30,15,0.999951479425094,"cdf","WNV cases"
"Solano",2024-07-31,2024-10-31,15,0.999999893271538,"cdf","WNV cases"
"Solano",2024-07-31,2024-11-30,15,1,"cdf","WNV cases"
"Solano",2024-07-31,2024-12-31,15,1,"cdf","WNV cases"
"Stanislaus",2024-07-31,2024-05-31,15,1,"cdf","WNV cases"
"Stanislaus",2024-07-31,2024-06-30,15,0.999999999999996,"cdf","WNV cases"
"Stanislaus",2024-07-31,2024-07-31,15,0.999999447992164,"cdf","WNV cases"
"Stanislaus",2024-07-31,2024-08-31,15,0.940035092234812,"cdf","WNV cases"
"Stanislaus",2024-07-31,2024-09-30,15,0.982314077504351,"cdf","WNV cases"
"Stanislaus",2024-07-31,2024-10-31,15,0.999999995874263,"cdf","WNV cases"
"Stanislaus",2024-07-31,2024-11-30,15,0.999999999813143,"cdf","WNV cases"
"Stanislaus",2024-07-31,2024-12-31,15,1,"cdf","WNV cases"
"Tulare",2024-07-31,2024-05-31,15,0.999999999999999,"cdf","WNV cases"
"Tulare",2024-07-31,2024-06-30,15,0.999999999999657,"cdf","WNV cases"
"Tulare",2024-07-31,2024-07-31,15,0.999999284571938,"cdf","WNV cases"
"Tulare",2024-07-31,2024-08-31,15,0.971733094500973,"cdf","WNV cases"
"Tulare",2024-07-31,2024-09-30,15,0.999619429027228,"cdf","WNV cases"
"Tulare",2024-07-31,2024-10-31,15,0.999999284571938,"cdf","WNV cases"
"Tulare",2024-07-31,2024-11-30,15,1,"cdf","WNV cases"
"Tulare",2024-07-31,2024-12-31,15,1,"cdf","WNV cases"
"Fresno",2024-07-31,2024-05-31,200,1,"cdf","WNV cases"
"Fresno",2024-07-31,2024-06-30,200,1,"cdf","WNV cases"
"Fresno",2024-07-31,2024-07-31,200,1,"cdf","WNV cases"
"Fresno",2024-07-31,2024-08-31,200,1,"cdf","WNV cases"
"Fresno",2024-07-31,2024-09-30,200,1,"cdf","WNV cases"
"Fresno",2024-07-31,2024-10-31,200,1,"cdf","WNV cases"
"Fresno",2024-07-31,2024-11-30,200,1,"cdf","WNV cases"
"Fresno",2024-07-31,2024-12-31,200,1,"cdf","WNV cases"
"Kern",2024-07-31,2024-05-31,200,1,"cdf","WNV cases"
"Kern",2024-07-31,2024-06-30,200,1,"cdf","WNV cases"
"Kern",2024-07-31,2024-07-31,200,1,"cdf","WNV cases"
"Kern",2024-07-31,2024-08-31,200,1,"cdf","WNV cases"
"Kern",2024-07-31,2024-09-30,200,1,"cdf","WNV cases"
"Kern",2024-07-31,2024-10-31,200,1,"cdf","WNV cases"
"Kern",2024-07-31,2024-11-30,200,1,"cdf","WNV cases"
"Kern",2024-07-31,2024-12-31,200,1,"cdf","WNV cases"
"Los Angeles",2024-07-31,2024-05-31,200,1,"cdf","WNV cases"
"Los Angeles",2024-07-31,2024-06-30,200,1,"cdf","WNV cases"
"Los Angeles",2024-07-31,2024-07-31,200,1,"cdf","WNV cases"
"Los Angeles",2024-07-31,2024-08-31,200,1,"cdf","WNV cases"
"Los Angeles",2024-07-31,2024-09-30,200,1,"cdf","WNV cases"
"Los Angeles",2024-07-31,2024-10-31,200,1,"cdf","WNV cases"
"Los Angeles",2024-07-31,2024-11-30,200,1,"cdf","WNV cases"
"Los Angeles",2024-07-31,2024-12-31,200,1,"cdf","WNV cases"
"Merced",2024-07-31,2024-05-31,200,1,"cdf","WNV cases"
"Merced",2024-07-31,2024-06-30,200,1,"cdf","WNV cases"
"Merced",2024-07-31,2024-07-31,200,1,"cdf","WNV cases"
"Merced",2024-07-31,2024-08-31,200,1,"cdf","WNV cases"
"Merced",2024-07-31,2024-09-30,200,1,"cdf","WNV cases"
"Merced",2024-07-31,2024-10-31,200,0.99999999992057,"cdf","WNV cases"
"Merced",2024-07-31,2024-11-30,200,1,"cdf","WNV cases"
"Merced",2024-07-31,2024-12-31,200,1,"cdf","WNV cases"
"Orange",2024-07-31,2024-05-31,200,1,"cdf","WNV cases"
"Orange",2024-07-31,2024-06-30,200,1,"cdf","WNV cases"
"Orange",2024-07-31,2024-07-31,200,1,"cdf","WNV cases"
"Orange",2024-07-31,2024-08-31,200,1,"cdf","WNV cases"
"Orange",2024-07-31,2024-09-30,200,1,"cdf","WNV cases"
"Orange",2024-07-31,2024-10-31,200,1,"cdf","WNV cases"
"Orange",2024-07-31,2024-11-30,200,1,"cdf","WNV cases"
"Orange",2024-07-31,2024-12-31,200,1,"cdf","WNV cases"
"Placer",2024-07-31,2024-05-31,200,1,"cdf","WNV cases"
"Placer",2024-07-31,2024-06-30,200,1,"cdf","WNV cases"
"Placer",2024-07-31,2024-07-31,200,1,"cdf","WNV cases"
"Placer",2024-07-31,2024-08-31,200,1,"cdf","WNV cases"
"Placer",2024-07-31,2024-09-30,200,1,"cdf","WNV cases"
"Placer",2024-07-31,2024-10-31,200,1,"cdf","WNV cases"
"Placer",2024-07-31,2024-11-30,200,1,"cdf","WNV cases"
"Placer",2024-07-31,2024-12-31,200,1,"cdf","WNV cases"
"Riverside",2024-07-31,2024-05-31,200,1,"cdf","WNV cases"
"Riverside",2024-07-31,2024-06-30,200,1,"cdf","WNV cases"
"Riverside",2024-07-31,2024-07-31,200,1,"cdf","WNV cases"
"Riverside",2024-07-31,2024-08-31,200,1,"cdf","WNV cases"
"Riverside",2024-07-31,2024-09-30,200,1,"cdf","WNV cases"
"Riverside",2024-07-31,2024-10-31,200,1,"cdf","WNV cases"
"Riverside",2024-07-31,2024-11-30,200,1,"cdf","WNV cases"
"Riverside",2024-07-31,2024-12-31,200,1,"cdf","WNV cases"
"Sacramento",2024-07-31,2024-05-31,200,1,"cdf","WNV cases"
"Sacramento",2024-07-31,2024-06-30,200,1,"cdf","WNV cases"
"Sacramento",2024-07-31,2024-07-31,200,1,"cdf","WNV cases"
"Sacramento",2024-07-31,2024-08-31,200,1,"cdf","WNV cases"
"Sacramento",2024-07-31,2024-09-30,200,1,"cdf","WNV cases"
"Sacramento",2024-07-31,2024-10-31,200,1,"cdf","WNV cases"
"Sacramento",2024-07-31,2024-11-30,200,1,"cdf","WNV cases"
"Sacramento",2024-07-31,2024-12-31,200,1,"cdf","WNV cases"
"San Bernardino",2024-07-31,2024-05-31,200,1,"cdf","WNV cases"
"San Bernardino",2024-07-31,2024-06-30,200,1,"cdf","WNV cases"
"San Bernardino",2024-07-31,2024-07-31,200,1,"cdf","WNV cases"
"San Bernardino",2024-07-31,2024-08-31,200,1,"cdf","WNV cases"
"San Bernardino",2024-07-31,2024-09-30,200,1,"cdf","WNV cases"
"San Bernardino",2024-07-31,2024-10-31,200,1,"cdf","WNV cases"
"San Bernardino",2024-07-31,2024-11-30,200,1,"cdf","WNV cases"
"San Bernardino",2024-07-31,2024-12-31,200,1,"cdf","WNV cases"
"San Joaquin",2024-07-31,2024-05-31,200,1,"cdf","WNV cases"
"San Joaquin",2024-07-31,2024-06-30,200,1,"cdf","WNV cases"
"San Joaquin",2024-07-31,2024-07-31,200,1,"cdf","WNV cases"
"San Joaquin",2024-07-31,2024-08-31,200,1,"cdf","WNV cases"
"San Joaquin",2024-07-31,2024-09-30,200,1,"cdf","WNV cases"
"San Joaquin",2024-07-31,2024-10-31,200,1,"cdf","WNV cases"
"San Joaquin",2024-07-31,2024-11-30,200,1,"cdf","WNV cases"
"San Joaquin",2024-07-31,2024-12-31,200,1,"cdf","WNV cases"
"Solano",2024-07-31,2024-05-31,200,1,"cdf","WNV cases"
"Solano",2024-07-31,2024-06-30,200,1,"cdf","WNV cases"
"Solano",2024-07-31,2024-07-31,200,1,"cdf","WNV cases"
"Solano",2024-07-31,2024-08-31,200,1,"cdf","WNV cases"
"Solano",2024-07-31,2024-09-30,200,1,"cdf","WNV cases"
"Solano",2024-07-31,2024-10-31,200,1,"cdf","WNV cases"
"Solano",2024-07-31,2024-11-30,200,1,"cdf","WNV cases"
"Solano",2024-07-31,2024-12-31,200,1,"cdf","WNV cases"
"Stanislaus",2024-07-31,2024-05-31,200,1,"cdf","WNV cases"
"Stanislaus",2024-07-31,2024-06-30,200,1,"cdf","WNV cases"
"Stanislaus",2024-07-31,2024-07-31,200,1,"cdf","WNV cases"
"Stanislaus",2024-07-31,2024-08-31,200,1,"cdf","WNV cases"
"Stanislaus",2024-07-31,2024-09-30,200,1,"cdf","WNV cases"
"Stanislaus",2024-07-31,2024-10-31,200,1,"cdf","WNV cases"
"Stanislaus",2024-07-31,2024-11-30,200,1,"cdf","WNV cases"
"Stanislaus",2024-07-31,2024-12-31,200,1,"cdf","WNV cases"
"Tulare",2024-07-31,2024-05-31,200,1,"cdf","WNV cases"
"Tulare",2024-07-31,2024-06-30,200,1,"cdf","WNV cases"
"Tulare",2024-07-31,2024-07-31,200,1,"cdf","WNV cases"
"Tulare",2024-07-31,2024-08-31,200,1,"cdf","WNV cases"
"Tulare",2024-07-31,2024-09-30,200,1,"cdf","WNV cases"
"Tulare",2024-07-31,2024-10-31,200,1,"cdf","WNV cases"
"Tulare",2024-07-31,2024-11-30,200,1,"cdf","WNV cases"
"Tulare",2024-07-31,2024-12-31,200,1,"cdf","WNV cases"
