location,origin_date,target_date,output_type_id,value,output_type,target
Fresno,2024-04-30,2024-05-31,0,0.136104,CDF,WNV cases
Fresno,2024-04-30,2024-05-31,1,0.22312,CDF,WNV cases
Fresno,2024-04-30,2024-05-31,2,0.317284,CDF,WNV cases
Fresno,2024-04-30,2024-05-31,3,0.546791,CDF,WNV cases
Fresno,2024-04-30,2024-05-31,4,0.728446,CDF,WNV cases
Fresno,2024-04-30,2024-05-31,5,0.835958,CDF,WNV cases
Fresno,2024-04-30,2024-05-31,6,0.918118,CDF,WNV cases
Fresno,2024-04-30,2024-05-31,8,1,CDF,WNV cases
Fresno,2024-04-30,2024-05-31,10,1,CDF,WNV cases
Fresno,2024-04-30,2024-05-31,15,1,CDF,WNV cases
Fresno,2024-04-30,2024-05-31,200,1,CDF,WNV cases
Fresno,2024-04-30,2024-06-30,0,0.22312,CDF,WNV cases
Fresno,2024-04-30,2024-06-30,1,0.317284,CDF,WNV cases
Fresno,2024-04-30,2024-06-30,2,0.546791,CDF,WNV cases
Fresno,2024-04-30,2024-06-30,3,0.728446,CDF,WNV cases
Fresno,2024-04-30,2024-06-30,4,0.835958,CDF,WNV cases
Fresno,2024-04-30,2024-06-30,5,0.918118,CDF,WNV cases
Fresno,2024-04-30,2024-06-30,6,1,CDF,WNV cases
Fresno,2024-04-30,2024-06-30,8,1,CDF,WNV cases
Fresno,2024-04-30,2024-06-30,10,1,CDF,WNV cases
Fresno,2024-04-30,2024-06-30,15,1,CDF,WNV cases
Fresno,2024-04-30,2024-06-30,200,1,CDF,WNV cases
Fresno,2024-04-30,2024-07-31,0,0.317284,CDF,WNV cases
Fresno,2024-04-30,2024-07-31,1,0.546791,CDF,WNV cases
Fresno,2024-04-30,2024-07-31,2,0.728446,CDF,WNV cases
Fresno,2024-04-30,2024-07-31,3,0.835958,CDF,WNV cases
Fresno,2024-04-30,2024-07-31,4,0.918118,CDF,WNV cases
Fresno,2024-04-30,2024-07-31,5,1,CDF,WNV cases
Fresno,2024-04-30,2024-07-31,6,1,CDF,WNV cases
Fresno,2024-04-30,2024-07-31,8,1,CDF,WNV cases
Fresno,2024-04-30,2024-07-31,10,1,CDF,WNV cases
Fresno,2024-04-30,2024-07-31,15,1,CDF,WNV cases
Fresno,2024-04-30,2024-07-31,200,1,CDF,WNV cases
Fresno,2024-04-30,2024-08-31,0,0.546791,CDF,WNV cases
Fresno,2024-04-30,2024-08-31,1,0.728446,CDF,WNV cases
Fresno,2024-04-30,2024-08-31,2,0.835958,CDF,WNV cases
Fresno,2024-04-30,2024-08-31,3,0.918118,CDF,WNV cases
Fresno,2024-04-30,2024-08-31,4,1,CDF,WNV cases
Fresno,2024-04-30,2024-08-31,5,1,CDF,WNV cases
Fresno,2024-04-30,2024-08-31,6,1,CDF,WNV cases
Fresno,2024-04-30,2024-08-31,8,1,CDF,WNV cases
Fresno,2024-04-30,2024-08-31,10,1,CDF,WNV cases
Fresno,2024-04-30,2024-08-31,15,1,CDF,WNV cases
Fresno,2024-04-30,2024-08-31,200,1,CDF,WNV cases
Fresno,2024-04-30,2024-09-30,0,0.728446,CDF,WNV cases
Fresno,2024-04-30,2024-09-30,1,0.835958,CDF,WNV cases
Fresno,2024-04-30,2024-09-30,2,0.918118,CDF,WNV cases
Fresno,2024-04-30,2024-09-30,3,1,CDF,WNV cases
Fresno,2024-04-30,2024-09-30,4,1,CDF,WNV cases
Fresno,2024-04-30,2024-09-30,5,1,CDF,WNV cases
Fresno,2024-04-30,2024-09-30,6,1,CDF,WNV cases
Fresno,2024-04-30,2024-09-30,8,1,CDF,WNV cases
Fresno,2024-04-30,2024-09-30,10,1,CDF,WNV cases
Fresno,2024-04-30,2024-09-30,15,1,CDF,WNV cases
Fresno,2024-04-30,2024-09-30,200,1,CDF,WNV cases
Fresno,2024-04-30,2024-10-31,0,0.835958,CDF,WNV cases
Fresno,2024-04-30,2024-10-31,1,0.918118,CDF,WNV cases
Fresno,2024-04-30,2024-10-31,2,1,CDF,WNV cases
Fresno,2024-04-30,2024-10-31,3,1,CDF,WNV cases
Fresno,2024-04-30,2024-10-31,4,1,CDF,WNV cases
Fresno,2024-04-30,2024-10-31,5,1,CDF,WNV cases
Fresno,2024-04-30,2024-10-31,6,1,CDF,WNV cases
Fresno,2024-04-30,2024-10-31,8,1,CDF,WNV cases
Fresno,2024-04-30,2024-10-31,10,1,CDF,WNV cases
Fresno,2024-04-30,2024-10-31,15,1,CDF,WNV cases
Fresno,2024-04-30,2024-10-31,200,1,CDF,WNV cases
Fresno,2024-04-30,2024-11-30,0,0.918118,CDF,WNV cases
Fresno,2024-04-30,2024-11-30,1,1,CDF,WNV cases
Fresno,2024-04-30,2024-11-30,2,1,CDF,WNV cases
Fresno,2024-04-30,2024-11-30,3,1,CDF,WNV cases
Fresno,2024-04-30,2024-11-30,4,1,CDF,WNV cases
Fresno,2024-04-30,2024-11-30,5,1,CDF,WNV cases
Fresno,2024-04-30,2024-11-30,6,1,CDF,WNV cases
Fresno,2024-04-30,2024-11-30,8,1,CDF,WNV cases
Fresno,2024-04-30,2024-11-30,10,1,CDF,WNV cases
Fresno,2024-04-30,2024-11-30,15,1,CDF,WNV cases
Fresno,2024-04-30,2024-11-30,200,1,CDF,WNV cases
Fresno,2024-04-30,2024-12-31,0,1,CDF,WNV cases
Fresno,2024-04-30,2024-12-31,1,1,CDF,WNV cases
Fresno,2024-04-30,2024-12-31,2,1,CDF,WNV cases
Fresno,2024-04-30,2024-12-31,3,1,CDF,WNV cases
Fresno,2024-04-30,2024-12-31,4,1,CDF,WNV cases
Fresno,2024-04-30,2024-12-31,5,1,CDF,WNV cases
Fresno,2024-04-30,2024-12-31,6,1,CDF,WNV cases
Fresno,2024-04-30,2024-12-31,8,1,CDF,WNV cases
Fresno,2024-04-30,2024-12-31,10,1,CDF,WNV cases
Fresno,2024-04-30,2024-12-31,15,1,CDF,WNV cases
Fresno,2024-04-30,2024-12-31,200,1,CDF,WNV cases
Kern,2024-04-30,2024-05-31,0,0.118695,CDF,WNV cases
Kern,2024-04-30,2024-05-31,1,0.213479,CDF,WNV cases
Kern,2024-04-30,2024-05-31,2,0.330047,CDF,WNV cases
Kern,2024-04-30,2024-05-31,3,0.569206,CDF,WNV cases
Kern,2024-04-30,2024-05-31,4,0.758421,CDF,WNV cases
Kern,2024-04-30,2024-05-31,5,0.869006,CDF,WNV cases
Kern,2024-04-30,2024-05-31,6,0.943306,CDF,WNV cases
Kern,2024-04-30,2024-05-31,8,1,CDF,WNV cases
Kern,2024-04-30,2024-05-31,10,1,CDF,WNV cases
Kern,2024-04-30,2024-05-31,15,1,CDF,WNV cases
Kern,2024-04-30,2024-05-31,200,1,CDF,WNV cases
Kern,2024-04-30,2024-06-30,0,0.213479,CDF,WNV cases
Kern,2024-04-30,2024-06-30,1,0.330047,CDF,WNV cases
Kern,2024-04-30,2024-06-30,2,0.569206,CDF,WNV cases
Kern,2024-04-30,2024-06-30,3,0.758421,CDF,WNV cases
Kern,2024-04-30,2024-06-30,4,0.869006,CDF,WNV cases
Kern,2024-04-30,2024-06-30,5,0.943306,CDF,WNV cases
Kern,2024-04-30,2024-06-30,6,1,CDF,WNV cases
Kern,2024-04-30,2024-06-30,8,1,CDF,WNV cases
Kern,2024-04-30,2024-06-30,10,1,CDF,WNV cases
Kern,2024-04-30,2024-06-30,15,1,CDF,WNV cases
Kern,2024-04-30,2024-06-30,200,1,CDF,WNV cases
Kern,2024-04-30,2024-07-31,0,0.330047,CDF,WNV cases
Kern,2024-04-30,2024-07-31,1,0.569206,CDF,WNV cases
Kern,2024-04-30,2024-07-31,2,0.758421,CDF,WNV cases
Kern,2024-04-30,2024-07-31,3,0.869006,CDF,WNV cases
Kern,2024-04-30,2024-07-31,4,0.943306,CDF,WNV cases
Kern,2024-04-30,2024-07-31,5,1,CDF,WNV cases
Kern,2024-04-30,2024-07-31,6,1,CDF,WNV cases
Kern,2024-04-30,2024-07-31,8,1,CDF,WNV cases
Kern,2024-04-30,2024-07-31,10,1,CDF,WNV cases
Kern,2024-04-30,2024-07-31,15,1,CDF,WNV cases
Kern,2024-04-30,2024-07-31,200,1,CDF,WNV cases
Kern,2024-04-30,2024-08-31,0,0.569206,CDF,WNV cases
Kern,2024-04-30,2024-08-31,1,0.758421,CDF,WNV cases
Kern,2024-04-30,2024-08-31,2,0.869006,CDF,WNV cases
Kern,2024-04-30,2024-08-31,3,0.943306,CDF,WNV cases
Kern,2024-04-30,2024-08-31,4,1,CDF,WNV cases
Kern,2024-04-30,2024-08-31,5,1,CDF,WNV cases
Kern,2024-04-30,2024-08-31,6,1,CDF,WNV cases
Kern,2024-04-30,2024-08-31,8,1,CDF,WNV cases
Kern,2024-04-30,2024-08-31,10,1,CDF,WNV cases
Kern,2024-04-30,2024-08-31,15,1,CDF,WNV cases
Kern,2024-04-30,2024-08-31,200,1,CDF,WNV cases
Kern,2024-04-30,2024-09-30,0,0.758421,CDF,WNV cases
Kern,2024-04-30,2024-09-30,1,0.869006,CDF,WNV cases
Kern,2024-04-30,2024-09-30,2,0.943306,CDF,WNV cases
Kern,2024-04-30,2024-09-30,3,1,CDF,WNV cases
Kern,2024-04-30,2024-09-30,4,1,CDF,WNV cases
Kern,2024-04-30,2024-09-30,5,1,CDF,WNV cases
Kern,2024-04-30,2024-09-30,6,1,CDF,WNV cases
Kern,2024-04-30,2024-09-30,8,1,CDF,WNV cases
Kern,2024-04-30,2024-09-30,10,1,CDF,WNV cases
Kern,2024-04-30,2024-09-30,15,1,CDF,WNV cases
Kern,2024-04-30,2024-09-30,200,1,CDF,WNV cases
Kern,2024-04-30,2024-10-31,0,0.869006,CDF,WNV cases
Kern,2024-04-30,2024-10-31,1,0.943306,CDF,WNV cases
Kern,2024-04-30,2024-10-31,2,1,CDF,WNV cases
Kern,2024-04-30,2024-10-31,3,1,CDF,WNV cases
Kern,2024-04-30,2024-10-31,4,1,CDF,WNV cases
Kern,2024-04-30,2024-10-31,5,1,CDF,WNV cases
Kern,2024-04-30,2024-10-31,6,1,CDF,WNV cases
Kern,2024-04-30,2024-10-31,8,1,CDF,WNV cases
Kern,2024-04-30,2024-10-31,10,1,CDF,WNV cases
Kern,2024-04-30,2024-10-31,15,1,CDF,WNV cases
Kern,2024-04-30,2024-10-31,200,1,CDF,WNV cases
Kern,2024-04-30,2024-11-30,0,0.943306,CDF,WNV cases
Kern,2024-04-30,2024-11-30,1,1,CDF,WNV cases
Kern,2024-04-30,2024-11-30,2,1,CDF,WNV cases
Kern,2024-04-30,2024-11-30,3,1,CDF,WNV cases
Kern,2024-04-30,2024-11-30,4,1,CDF,WNV cases
Kern,2024-04-30,2024-11-30,5,1,CDF,WNV cases
Kern,2024-04-30,2024-11-30,6,1,CDF,WNV cases
Kern,2024-04-30,2024-11-30,8,1,CDF,WNV cases
Kern,2024-04-30,2024-11-30,10,1,CDF,WNV cases
Kern,2024-04-30,2024-11-30,15,1,CDF,WNV cases
Kern,2024-04-30,2024-11-30,200,1,CDF,WNV cases
Kern,2024-04-30,2024-12-31,0,1,CDF,WNV cases
Kern,2024-04-30,2024-12-31,1,1,CDF,WNV cases
Kern,2024-04-30,2024-12-31,2,1,CDF,WNV cases
Kern,2024-04-30,2024-12-31,3,1,CDF,WNV cases
Kern,2024-04-30,2024-12-31,4,1,CDF,WNV cases
Kern,2024-04-30,2024-12-31,5,1,CDF,WNV cases
Kern,2024-04-30,2024-12-31,6,1,CDF,WNV cases
Kern,2024-04-30,2024-12-31,8,1,CDF,WNV cases
Kern,2024-04-30,2024-12-31,10,1,CDF,WNV cases
Kern,2024-04-30,2024-12-31,15,1,CDF,WNV cases
Kern,2024-04-30,2024-12-31,200,1,CDF,WNV cases
Los Angeles,2024-04-30,2024-05-31,0,0.090268,CDF,WNV cases
Los Angeles,2024-04-30,2024-05-31,1,0.165424,CDF,WNV cases
Los Angeles,2024-04-30,2024-05-31,2,0.261383,CDF,WNV cases
Los Angeles,2024-04-30,2024-05-31,3,0.497814,CDF,WNV cases
Los Angeles,2024-04-30,2024-05-31,4,0.704781,CDF,WNV cases
Los Angeles,2024-04-30,2024-05-31,5,0.831731,CDF,WNV cases
Los Angeles,2024-04-30,2024-05-31,6,0.922584,CDF,WNV cases
Los Angeles,2024-04-30,2024-05-31,8,1,CDF,WNV cases
Los Angeles,2024-04-30,2024-05-31,10,1,CDF,WNV cases
Los Angeles,2024-04-30,2024-05-31,15,1,CDF,WNV cases
Los Angeles,2024-04-30,2024-05-31,200,1,CDF,WNV cases
Los Angeles,2024-04-30,2024-06-30,0,0.165424,CDF,WNV cases
Los Angeles,2024-04-30,2024-06-30,1,0.261383,CDF,WNV cases
Los Angeles,2024-04-30,2024-06-30,2,0.497814,CDF,WNV cases
Los Angeles,2024-04-30,2024-06-30,3,0.704781,CDF,WNV cases
Los Angeles,2024-04-30,2024-06-30,4,0.831731,CDF,WNV cases
Los Angeles,2024-04-30,2024-06-30,5,0.922584,CDF,WNV cases
Los Angeles,2024-04-30,2024-06-30,6,1,CDF,WNV cases
Los Angeles,2024-04-30,2024-06-30,8,1,CDF,WNV cases
Los Angeles,2024-04-30,2024-06-30,10,1,CDF,WNV cases
Los Angeles,2024-04-30,2024-06-30,15,1,CDF,WNV cases
Los Angeles,2024-04-30,2024-06-30,200,1,CDF,WNV cases
Los Angeles,2024-04-30,2024-07-31,0,0.261383,CDF,WNV cases
Los Angeles,2024-04-30,2024-07-31,1,0.497814,CDF,WNV cases
Los Angeles,2024-04-30,2024-07-31,2,0.704781,CDF,WNV cases
Los Angeles,2024-04-30,2024-07-31,3,0.831731,CDF,WNV cases
Los Angeles,2024-04-30,2024-07-31,4,0.922584,CDF,WNV cases
Los Angeles,2024-04-30,2024-07-31,5,1,CDF,WNV cases
Los Angeles,2024-04-30,2024-07-31,6,1,CDF,WNV cases
Los Angeles,2024-04-30,2024-07-31,8,1,CDF,WNV cases
Los Angeles,2024-04-30,2024-07-31,10,1,CDF,WNV cases
Los Angeles,2024-04-30,2024-07-31,15,1,CDF,WNV cases
Los Angeles,2024-04-30,2024-07-31,200,1,CDF,WNV cases
Los Angeles,2024-04-30,2024-08-31,0,0.497814,CDF,WNV cases
Los Angeles,2024-04-30,2024-08-31,1,0.704781,CDF,WNV cases
Los Angeles,2024-04-30,2024-08-31,2,0.831731,CDF,WNV cases
Los Angeles,2024-04-30,2024-08-31,3,0.922584,CDF,WNV cases
Los Angeles,2024-04-30,2024-08-31,4,1,CDF,WNV cases
Los Angeles,2024-04-30,2024-08-31,5,1,CDF,WNV cases
Los Angeles,2024-04-30,2024-08-31,6,1,CDF,WNV cases
Los Angeles,2024-04-30,2024-08-31,8,1,CDF,WNV cases
Los Angeles,2024-04-30,2024-08-31,10,1,CDF,WNV cases
Los Angeles,2024-04-30,2024-08-31,15,1,CDF,WNV cases
Los Angeles,2024-04-30,2024-08-31,200,1,CDF,WNV cases
Los Angeles,2024-04-30,2024-09-30,0,0.704781,CDF,WNV cases
Los Angeles,2024-04-30,2024-09-30,1,0.831731,CDF,WNV cases
Los Angeles,2024-04-30,2024-09-30,2,0.922584,CDF,WNV cases
Los Angeles,2024-04-30,2024-09-30,3,1,CDF,WNV cases
Los Angeles,2024-04-30,2024-09-30,4,1,CDF,WNV cases
Los Angeles,2024-04-30,2024-09-30,5,1,CDF,WNV cases
Los Angeles,2024-04-30,2024-09-30,6,1,CDF,WNV cases
Los Angeles,2024-04-30,2024-09-30,8,1,CDF,WNV cases
Los Angeles,2024-04-30,2024-09-30,10,1,CDF,WNV cases
Los Angeles,2024-04-30,2024-09-30,15,1,CDF,WNV cases
Los Angeles,2024-04-30,2024-09-30,200,1,CDF,WNV cases
Los Angeles,2024-04-30,2024-10-31,0,0.831731,CDF,WNV cases
Los Angeles,2024-04-30,2024-10-31,1,0.922584,CDF,WNV cases
Los Angeles,2024-04-30,2024-10-31,2,1,CDF,WNV cases
Los Angeles,2024-04-30,2024-10-31,3,1,CDF,WNV cases
Los Angeles,2024-04-30,2024-10-31,4,1,CDF,WNV cases
Los Angeles,2024-04-30,2024-10-31,5,1,CDF,WNV cases
Los Angeles,2024-04-30,2024-10-31,6,1,CDF,WNV cases
Los Angeles,2024-04-30,2024-10-31,8,1,CDF,WNV cases
Los Angeles,2024-04-30,2024-10-31,10,1,CDF,WNV cases
Los Angeles,2024-04-30,2024-10-31,15,1,CDF,WNV cases
Los Angeles,2024-04-30,2024-10-31,200,1,CDF,WNV cases
Los Angeles,2024-04-30,2024-11-30,0,0.922584,CDF,WNV cases
Los Angeles,2024-04-30,2024-11-30,1,1,CDF,WNV cases
Los Angeles,2024-04-30,2024-11-30,2,1,CDF,WNV cases
Los Angeles,2024-04-30,2024-11-30,3,1,CDF,WNV cases
Los Angeles,2024-04-30,2024-11-30,4,1,CDF,WNV cases
Los Angeles,2024-04-30,2024-11-30,5,1,CDF,WNV cases
Los Angeles,2024-04-30,2024-11-30,6,1,CDF,WNV cases
Los Angeles,2024-04-30,2024-11-30,8,1,CDF,WNV cases
Los Angeles,2024-04-30,2024-11-30,10,1,CDF,WNV cases
Los Angeles,2024-04-30,2024-11-30,15,1,CDF,WNV cases
Los Angeles,2024-04-30,2024-11-30,200,1,CDF,WNV cases
Los Angeles,2024-04-30,2024-12-31,0,1,CDF,WNV cases
Los Angeles,2024-04-30,2024-12-31,1,1,CDF,WNV cases
Los Angeles,2024-04-30,2024-12-31,2,1,CDF,WNV cases
Los Angeles,2024-04-30,2024-12-31,3,1,CDF,WNV cases
Los Angeles,2024-04-30,2024-12-31,4,1,CDF,WNV cases
Los Angeles,2024-04-30,2024-12-31,5,1,CDF,WNV cases
Los Angeles,2024-04-30,2024-12-31,6,1,CDF,WNV cases
Los Angeles,2024-04-30,2024-12-31,8,1,CDF,WNV cases
Los Angeles,2024-04-30,2024-12-31,10,1,CDF,WNV cases
Los Angeles,2024-04-30,2024-12-31,15,1,CDF,WNV cases
Los Angeles,2024-04-30,2024-12-31,200,1,CDF,WNV cases
Merced,2024-04-30,2024-05-31,0,0.122538,CDF,WNV cases
Merced,2024-04-30,2024-05-31,1,0.222652,CDF,WNV cases
Merced,2024-04-30,2024-05-31,2,0.336917,CDF,WNV cases
Merced,2024-04-30,2024-05-31,3,0.552519,CDF,WNV cases
Merced,2024-04-30,2024-05-31,4,0.725305,CDF,WNV cases
Merced,2024-04-30,2024-05-31,5,0.833837,CDF,WNV cases
Merced,2024-04-30,2024-05-31,6,0.923033,CDF,WNV cases
Merced,2024-04-30,2024-05-31,8,1,CDF,WNV cases
Merced,2024-04-30,2024-05-31,10,1,CDF,WNV cases
Merced,2024-04-30,2024-05-31,15,1,CDF,WNV cases
Merced,2024-04-30,2024-05-31,200,1,CDF,WNV cases
Merced,2024-04-30,2024-06-30,0,0.222652,CDF,WNV cases
Merced,2024-04-30,2024-06-30,1,0.336917,CDF,WNV cases
Merced,2024-04-30,2024-06-30,2,0.552519,CDF,WNV cases
Merced,2024-04-30,2024-06-30,3,0.725305,CDF,WNV cases
Merced,2024-04-30,2024-06-30,4,0.833837,CDF,WNV cases
Merced,2024-04-30,2024-06-30,5,0.923033,CDF,WNV cases
Merced,2024-04-30,2024-06-30,6,1,CDF,WNV cases
Merced,2024-04-30,2024-06-30,8,1,CDF,WNV cases
Merced,2024-04-30,2024-06-30,10,1,CDF,WNV cases
Merced,2024-04-30,2024-06-30,15,1,CDF,WNV cases
Merced,2024-04-30,2024-06-30,200,1,CDF,WNV cases
Merced,2024-04-30,2024-07-31,0,0.336917,CDF,WNV cases
Merced,2024-04-30,2024-07-31,1,0.552519,CDF,WNV cases
Merced,2024-04-30,2024-07-31,2,0.725305,CDF,WNV cases
Merced,2024-04-30,2024-07-31,3,0.833837,CDF,WNV cases
Merced,2024-04-30,2024-07-31,4,0.923033,CDF,WNV cases
Merced,2024-04-30,2024-07-31,5,1,CDF,WNV cases
Merced,2024-04-30,2024-07-31,6,1,CDF,WNV cases
Merced,2024-04-30,2024-07-31,8,1,CDF,WNV cases
Merced,2024-04-30,2024-07-31,10,1,CDF,WNV cases
Merced,2024-04-30,2024-07-31,15,1,CDF,WNV cases
Merced,2024-04-30,2024-07-31,200,1,CDF,WNV cases
Merced,2024-04-30,2024-08-31,0,0.552519,CDF,WNV cases
Merced,2024-04-30,2024-08-31,1,0.725305,CDF,WNV cases
Merced,2024-04-30,2024-08-31,2,0.833837,CDF,WNV cases
Merced,2024-04-30,2024-08-31,3,0.923033,CDF,WNV cases
Merced,2024-04-30,2024-08-31,4,1,CDF,WNV cases
Merced,2024-04-30,2024-08-31,5,1,CDF,WNV cases
Merced,2024-04-30,2024-08-31,6,1,CDF,WNV cases
Merced,2024-04-30,2024-08-31,8,1,CDF,WNV cases
Merced,2024-04-30,2024-08-31,10,1,CDF,WNV cases
Merced,2024-04-30,2024-08-31,15,1,CDF,WNV cases
Merced,2024-04-30,2024-08-31,200,1,CDF,WNV cases
Merced,2024-04-30,2024-09-30,0,0.725305,CDF,WNV cases
Merced,2024-04-30,2024-09-30,1,0.833837,CDF,WNV cases
Merced,2024-04-30,2024-09-30,2,0.923033,CDF,WNV cases
Merced,2024-04-30,2024-09-30,3,1,CDF,WNV cases
Merced,2024-04-30,2024-09-30,4,1,CDF,WNV cases
Merced,2024-04-30,2024-09-30,5,1,CDF,WNV cases
Merced,2024-04-30,2024-09-30,6,1,CDF,WNV cases
Merced,2024-04-30,2024-09-30,8,1,CDF,WNV cases
Merced,2024-04-30,2024-09-30,10,1,CDF,WNV cases
Merced,2024-04-30,2024-09-30,15,1,CDF,WNV cases
Merced,2024-04-30,2024-09-30,200,1,CDF,WNV cases
Merced,2024-04-30,2024-10-31,0,0.833837,CDF,WNV cases
Merced,2024-04-30,2024-10-31,1,0.923033,CDF,WNV cases
Merced,2024-04-30,2024-10-31,2,1,CDF,WNV cases
Merced,2024-04-30,2024-10-31,3,1,CDF,WNV cases
Merced,2024-04-30,2024-10-31,4,1,CDF,WNV cases
Merced,2024-04-30,2024-10-31,5,1,CDF,WNV cases
Merced,2024-04-30,2024-10-31,6,1,CDF,WNV cases
Merced,2024-04-30,2024-10-31,8,1,CDF,WNV cases
Merced,2024-04-30,2024-10-31,10,1,CDF,WNV cases
Merced,2024-04-30,2024-10-31,15,1,CDF,WNV cases
Merced,2024-04-30,2024-10-31,200,1,CDF,WNV cases
Merced,2024-04-30,2024-11-30,0,0.923033,CDF,WNV cases
Merced,2024-04-30,2024-11-30,1,1,CDF,WNV cases
Merced,2024-04-30,2024-11-30,2,1,CDF,WNV cases
Merced,2024-04-30,2024-11-30,3,1,CDF,WNV cases
Merced,2024-04-30,2024-11-30,4,1,CDF,WNV cases
Merced,2024-04-30,2024-11-30,5,1,CDF,WNV cases
Merced,2024-04-30,2024-11-30,6,1,CDF,WNV cases
Merced,2024-04-30,2024-11-30,8,1,CDF,WNV cases
Merced,2024-04-30,2024-11-30,10,1,CDF,WNV cases
Merced,2024-04-30,2024-11-30,15,1,CDF,WNV cases
Merced,2024-04-30,2024-11-30,200,1,CDF,WNV cases
Merced,2024-04-30,2024-12-31,0,1,CDF,WNV cases
Merced,2024-04-30,2024-12-31,1,1,CDF,WNV cases
Merced,2024-04-30,2024-12-31,2,1,CDF,WNV cases
Merced,2024-04-30,2024-12-31,3,1,CDF,WNV cases
Merced,2024-04-30,2024-12-31,4,1,CDF,WNV cases
Merced,2024-04-30,2024-12-31,5,1,CDF,WNV cases
Merced,2024-04-30,2024-12-31,6,1,CDF,WNV cases
Merced,2024-04-30,2024-12-31,8,1,CDF,WNV cases
Merced,2024-04-30,2024-12-31,10,1,CDF,WNV cases
Merced,2024-04-30,2024-12-31,15,1,CDF,WNV cases
Merced,2024-04-30,2024-12-31,200,1,CDF,WNV cases
Orange,2024-04-30,2024-05-31,0,0.089973,CDF,WNV cases
Orange,2024-04-30,2024-05-31,1,0.16688,CDF,WNV cases
Orange,2024-04-30,2024-05-31,2,0.25555,CDF,WNV cases
Orange,2024-04-30,2024-05-31,3,0.455828,CDF,WNV cases
Orange,2024-04-30,2024-05-31,4,0.654555,CDF,WNV cases
Orange,2024-04-30,2024-05-31,5,0.782365,CDF,WNV cases
Orange,2024-04-30,2024-05-31,6,0.891846,CDF,WNV cases
Orange,2024-04-30,2024-05-31,8,1,CDF,WNV cases
Orange,2024-04-30,2024-05-31,10,1,CDF,WNV cases
Orange,2024-04-30,2024-05-31,15,1,CDF,WNV cases
Orange,2024-04-30,2024-05-31,200,1,CDF,WNV cases
Orange,2024-04-30,2024-06-30,0,0.16688,CDF,WNV cases
Orange,2024-04-30,2024-06-30,1,0.25555,CDF,WNV cases
Orange,2024-04-30,2024-06-30,2,0.455828,CDF,WNV cases
Orange,2024-04-30,2024-06-30,3,0.654555,CDF,WNV cases
Orange,2024-04-30,2024-06-30,4,0.782365,CDF,WNV cases
Orange,2024-04-30,2024-06-30,5,0.891846,CDF,WNV cases
Orange,2024-04-30,2024-06-30,6,1,CDF,WNV cases
Orange,2024-04-30,2024-06-30,8,1,CDF,WNV cases
Orange,2024-04-30,2024-06-30,10,1,CDF,WNV cases
Orange,2024-04-30,2024-06-30,15,1,CDF,WNV cases
Orange,2024-04-30,2024-06-30,200,1,CDF,WNV cases
Orange,2024-04-30,2024-07-31,0,0.25555,CDF,WNV cases
Orange,2024-04-30,2024-07-31,1,0.455828,CDF,WNV cases
Orange,2024-04-30,2024-07-31,2,0.654555,CDF,WNV cases
Orange,2024-04-30,2024-07-31,3,0.782365,CDF,WNV cases
Orange,2024-04-30,2024-07-31,4,0.891846,CDF,WNV cases
Orange,2024-04-30,2024-07-31,5,1,CDF,WNV cases
Orange,2024-04-30,2024-07-31,6,1,CDF,WNV cases
Orange,2024-04-30,2024-07-31,8,1,CDF,WNV cases
Orange,2024-04-30,2024-07-31,10,1,CDF,WNV cases
Orange,2024-04-30,2024-07-31,15,1,CDF,WNV cases
Orange,2024-04-30,2024-07-31,200,1,CDF,WNV cases
Orange,2024-04-30,2024-08-31,0,0.455828,CDF,WNV cases
Orange,2024-04-30,2024-08-31,1,0.654555,CDF,WNV cases
Orange,2024-04-30,2024-08-31,2,0.782365,CDF,WNV cases
Orange,2024-04-30,2024-08-31,3,0.891846,CDF,WNV cases
Orange,2024-04-30,2024-08-31,4,1,CDF,WNV cases
Orange,2024-04-30,2024-08-31,5,1,CDF,WNV cases
Orange,2024-04-30,2024-08-31,6,1,CDF,WNV cases
Orange,2024-04-30,2024-08-31,8,1,CDF,WNV cases
Orange,2024-04-30,2024-08-31,10,1,CDF,WNV cases
Orange,2024-04-30,2024-08-31,15,1,CDF,WNV cases
Orange,2024-04-30,2024-08-31,200,1,CDF,WNV cases
Orange,2024-04-30,2024-09-30,0,0.654555,CDF,WNV cases
Orange,2024-04-30,2024-09-30,1,0.782365,CDF,WNV cases
Orange,2024-04-30,2024-09-30,2,0.891846,CDF,WNV cases
Orange,2024-04-30,2024-09-30,3,1,CDF,WNV cases
Orange,2024-04-30,2024-09-30,4,1,CDF,WNV cases
Orange,2024-04-30,2024-09-30,5,1,CDF,WNV cases
Orange,2024-04-30,2024-09-30,6,1,CDF,WNV cases
Orange,2024-04-30,2024-09-30,8,1,CDF,WNV cases
Orange,2024-04-30,2024-09-30,10,1,CDF,WNV cases
Orange,2024-04-30,2024-09-30,15,1,CDF,WNV cases
Orange,2024-04-30,2024-09-30,200,1,CDF,WNV cases
Orange,2024-04-30,2024-10-31,0,0.782365,CDF,WNV cases
Orange,2024-04-30,2024-10-31,1,0.891846,CDF,WNV cases
Orange,2024-04-30,2024-10-31,2,1,CDF,WNV cases
Orange,2024-04-30,2024-10-31,3,1,CDF,WNV cases
Orange,2024-04-30,2024-10-31,4,1,CDF,WNV cases
Orange,2024-04-30,2024-10-31,5,1,CDF,WNV cases
Orange,2024-04-30,2024-10-31,6,1,CDF,WNV cases
Orange,2024-04-30,2024-10-31,8,1,CDF,WNV cases
Orange,2024-04-30,2024-10-31,10,1,CDF,WNV cases
Orange,2024-04-30,2024-10-31,15,1,CDF,WNV cases
Orange,2024-04-30,2024-10-31,200,1,CDF,WNV cases
Orange,2024-04-30,2024-11-30,0,0.891846,CDF,WNV cases
Orange,2024-04-30,2024-11-30,1,1,CDF,WNV cases
Orange,2024-04-30,2024-11-30,2,1,CDF,WNV cases
Orange,2024-04-30,2024-11-30,3,1,CDF,WNV cases
Orange,2024-04-30,2024-11-30,4,1,CDF,WNV cases
Orange,2024-04-30,2024-11-30,5,1,CDF,WNV cases
Orange,2024-04-30,2024-11-30,6,1,CDF,WNV cases
Orange,2024-04-30,2024-11-30,8,1,CDF,WNV cases
Orange,2024-04-30,2024-11-30,10,1,CDF,WNV cases
Orange,2024-04-30,2024-11-30,15,1,CDF,WNV cases
Orange,2024-04-30,2024-11-30,200,1,CDF,WNV cases
Orange,2024-04-30,2024-12-31,0,1,CDF,WNV cases
Orange,2024-04-30,2024-12-31,1,1,CDF,WNV cases
Orange,2024-04-30,2024-12-31,2,1,CDF,WNV cases
Orange,2024-04-30,2024-12-31,3,1,CDF,WNV cases
Orange,2024-04-30,2024-12-31,4,1,CDF,WNV cases
Orange,2024-04-30,2024-12-31,5,1,CDF,WNV cases
Orange,2024-04-30,2024-12-31,6,1,CDF,WNV cases
Orange,2024-04-30,2024-12-31,8,1,CDF,WNV cases
Orange,2024-04-30,2024-12-31,10,1,CDF,WNV cases
Orange,2024-04-30,2024-12-31,15,1,CDF,WNV cases
Orange,2024-04-30,2024-12-31,200,1,CDF,WNV cases
Placer,2024-04-30,2024-05-31,0,0.140419,CDF,WNV cases
Placer,2024-04-30,2024-05-31,1,0.229492,CDF,WNV cases
Placer,2024-04-30,2024-05-31,2,0.31746,CDF,WNV cases
Placer,2024-04-30,2024-05-31,3,0.525636,CDF,WNV cases
Placer,2024-04-30,2024-05-31,4,0.699763,CDF,WNV cases
Placer,2024-04-30,2024-05-31,5,0.801765,CDF,WNV cases
Placer,2024-04-30,2024-05-31,6,0.883801,CDF,WNV cases
Placer,2024-04-30,2024-05-31,8,1,CDF,WNV cases
Placer,2024-04-30,2024-05-31,10,1,CDF,WNV cases
Placer,2024-04-30,2024-05-31,15,1,CDF,WNV cases
Placer,2024-04-30,2024-05-31,200,1,CDF,WNV cases
Placer,2024-04-30,2024-06-30,0,0.229492,CDF,WNV cases
Placer,2024-04-30,2024-06-30,1,0.31746,CDF,WNV cases
Placer,2024-04-30,2024-06-30,2,0.525636,CDF,WNV cases
Placer,2024-04-30,2024-06-30,3,0.699763,CDF,WNV cases
Placer,2024-04-30,2024-06-30,4,0.801765,CDF,WNV cases
Placer,2024-04-30,2024-06-30,5,0.883801,CDF,WNV cases
Placer,2024-04-30,2024-06-30,6,1,CDF,WNV cases
Placer,2024-04-30,2024-06-30,8,1,CDF,WNV cases
Placer,2024-04-30,2024-06-30,10,1,CDF,WNV cases
Placer,2024-04-30,2024-06-30,15,1,CDF,WNV cases
Placer,2024-04-30,2024-06-30,200,1,CDF,WNV cases
Placer,2024-04-30,2024-07-31,0,0.31746,CDF,WNV cases
Placer,2024-04-30,2024-07-31,1,0.525636,CDF,WNV cases
Placer,2024-04-30,2024-07-31,2,0.699763,CDF,WNV cases
Placer,2024-04-30,2024-07-31,3,0.801765,CDF,WNV cases
Placer,2024-04-30,2024-07-31,4,0.883801,CDF,WNV cases
Placer,2024-04-30,2024-07-31,5,1,CDF,WNV cases
Placer,2024-04-30,2024-07-31,6,1,CDF,WNV cases
Placer,2024-04-30,2024-07-31,8,1,CDF,WNV cases
Placer,2024-04-30,2024-07-31,10,1,CDF,WNV cases
Placer,2024-04-30,2024-07-31,15,1,CDF,WNV cases
Placer,2024-04-30,2024-07-31,200,1,CDF,WNV cases
Placer,2024-04-30,2024-08-31,0,0.525636,CDF,WNV cases
Placer,2024-04-30,2024-08-31,1,0.699763,CDF,WNV cases
Placer,2024-04-30,2024-08-31,2,0.801765,CDF,WNV cases
Placer,2024-04-30,2024-08-31,3,0.883801,CDF,WNV cases
Placer,2024-04-30,2024-08-31,4,1,CDF,WNV cases
Placer,2024-04-30,2024-08-31,5,1,CDF,WNV cases
Placer,2024-04-30,2024-08-31,6,1,CDF,WNV cases
Placer,2024-04-30,2024-08-31,8,1,CDF,WNV cases
Placer,2024-04-30,2024-08-31,10,1,CDF,WNV cases
Placer,2024-04-30,2024-08-31,15,1,CDF,WNV cases
Placer,2024-04-30,2024-08-31,200,1,CDF,WNV cases
Placer,2024-04-30,2024-09-30,0,0.699763,CDF,WNV cases
Placer,2024-04-30,2024-09-30,1,0.801765,CDF,WNV cases
Placer,2024-04-30,2024-09-30,2,0.883801,CDF,WNV cases
Placer,2024-04-30,2024-09-30,3,1,CDF,WNV cases
Placer,2024-04-30,2024-09-30,4,1,CDF,WNV cases
Placer,2024-04-30,2024-09-30,5,1,CDF,WNV cases
Placer,2024-04-30,2024-09-30,6,1,CDF,WNV cases
Placer,2024-04-30,2024-09-30,8,1,CDF,WNV cases
Placer,2024-04-30,2024-09-30,10,1,CDF,WNV cases
Placer,2024-04-30,2024-09-30,15,1,CDF,WNV cases
Placer,2024-04-30,2024-09-30,200,1,CDF,WNV cases
Placer,2024-04-30,2024-10-31,0,0.801765,CDF,WNV cases
Placer,2024-04-30,2024-10-31,1,0.883801,CDF,WNV cases
Placer,2024-04-30,2024-10-31,2,1,CDF,WNV cases
Placer,2024-04-30,2024-10-31,3,1,CDF,WNV cases
Placer,2024-04-30,2024-10-31,4,1,CDF,WNV cases
Placer,2024-04-30,2024-10-31,5,1,CDF,WNV cases
Placer,2024-04-30,2024-10-31,6,1,CDF,WNV cases
Placer,2024-04-30,2024-10-31,8,1,CDF,WNV cases
Placer,2024-04-30,2024-10-31,10,1,CDF,WNV cases
Placer,2024-04-30,2024-10-31,15,1,CDF,WNV cases
Placer,2024-04-30,2024-10-31,200,1,CDF,WNV cases
Placer,2024-04-30,2024-11-30,0,0.883801,CDF,WNV cases
Placer,2024-04-30,2024-11-30,1,1,CDF,WNV cases
Placer,2024-04-30,2024-11-30,2,1,CDF,WNV cases
Placer,2024-04-30,2024-11-30,3,1,CDF,WNV cases
Placer,2024-04-30,2024-11-30,4,1,CDF,WNV cases
Placer,2024-04-30,2024-11-30,5,1,CDF,WNV cases
Placer,2024-04-30,2024-11-30,6,1,CDF,WNV cases
Placer,2024-04-30,2024-11-30,8,1,CDF,WNV cases
Placer,2024-04-30,2024-11-30,10,1,CDF,WNV cases
Placer,2024-04-30,2024-11-30,15,1,CDF,WNV cases
Placer,2024-04-30,2024-11-30,200,1,CDF,WNV cases
Placer,2024-04-30,2024-12-31,0,1,CDF,WNV cases
Placer,2024-04-30,2024-12-31,1,1,CDF,WNV cases
Placer,2024-04-30,2024-12-31,2,1,CDF,WNV cases
Placer,2024-04-30,2024-12-31,3,1,CDF,WNV cases
Placer,2024-04-30,2024-12-31,4,1,CDF,WNV cases
Placer,2024-04-30,2024-12-31,5,1,CDF,WNV cases
Placer,2024-04-30,2024-12-31,6,1,CDF,WNV cases
Placer,2024-04-30,2024-12-31,8,1,CDF,WNV cases
Placer,2024-04-30,2024-12-31,10,1,CDF,WNV cases
Placer,2024-04-30,2024-12-31,15,1,CDF,WNV cases
Placer,2024-04-30,2024-12-31,200,1,CDF,WNV cases
Riverside,2024-04-30,2024-05-31,0,0.088662,CDF,WNV cases
Riverside,2024-04-30,2024-05-31,1,0.185094,CDF,WNV cases
Riverside,2024-04-30,2024-05-31,2,0.326091,CDF,WNV cases
Riverside,2024-04-30,2024-05-31,3,0.568478,CDF,WNV cases
Riverside,2024-04-30,2024-05-31,4,0.767181,CDF,WNV cases
Riverside,2024-04-30,2024-05-31,5,0.891079,CDF,WNV cases
Riverside,2024-04-30,2024-05-31,6,0.958764,CDF,WNV cases
Riverside,2024-04-30,2024-05-31,8,1,CDF,WNV cases
Riverside,2024-04-30,2024-05-31,10,1,CDF,WNV cases
Riverside,2024-04-30,2024-05-31,15,1,CDF,WNV cases
Riverside,2024-04-30,2024-05-31,200,1,CDF,WNV cases
Riverside,2024-04-30,2024-06-30,0,0.185094,CDF,WNV cases
Riverside,2024-04-30,2024-06-30,1,0.326091,CDF,WNV cases
Riverside,2024-04-30,2024-06-30,2,0.568478,CDF,WNV cases
Riverside,2024-04-30,2024-06-30,3,0.767181,CDF,WNV cases
Riverside,2024-04-30,2024-06-30,4,0.891079,CDF,WNV cases
Riverside,2024-04-30,2024-06-30,5,0.958764,CDF,WNV cases
Riverside,2024-04-30,2024-06-30,6,1,CDF,WNV cases
Riverside,2024-04-30,2024-06-30,8,1,CDF,WNV cases
Riverside,2024-04-30,2024-06-30,10,1,CDF,WNV cases
Riverside,2024-04-30,2024-06-30,15,1,CDF,WNV cases
Riverside,2024-04-30,2024-06-30,200,1,CDF,WNV cases
Riverside,2024-04-30,2024-07-31,0,0.326091,CDF,WNV cases
Riverside,2024-04-30,2024-07-31,1,0.568478,CDF,WNV cases
Riverside,2024-04-30,2024-07-31,2,0.767181,CDF,WNV cases
Riverside,2024-04-30,2024-07-31,3,0.891079,CDF,WNV cases
Riverside,2024-04-30,2024-07-31,4,0.958764,CDF,WNV cases
Riverside,2024-04-30,2024-07-31,5,1,CDF,WNV cases
Riverside,2024-04-30,2024-07-31,6,1,CDF,WNV cases
Riverside,2024-04-30,2024-07-31,8,1,CDF,WNV cases
Riverside,2024-04-30,2024-07-31,10,1,CDF,WNV cases
Riverside,2024-04-30,2024-07-31,15,1,CDF,WNV cases
Riverside,2024-04-30,2024-07-31,200,1,CDF,WNV cases
Riverside,2024-04-30,2024-08-31,0,0.568478,CDF,WNV cases
Riverside,2024-04-30,2024-08-31,1,0.767181,CDF,WNV cases
Riverside,2024-04-30,2024-08-31,2,0.891079,CDF,WNV cases
Riverside,2024-04-30,2024-08-31,3,0.958764,CDF,WNV cases
Riverside,2024-04-30,2024-08-31,4,1,CDF,WNV cases
Riverside,2024-04-30,2024-08-31,5,1,CDF,WNV cases
Riverside,2024-04-30,2024-08-31,6,1,CDF,WNV cases
Riverside,2024-04-30,2024-08-31,8,1,CDF,WNV cases
Riverside,2024-04-30,2024-08-31,10,1,CDF,WNV cases
Riverside,2024-04-30,2024-08-31,15,1,CDF,WNV cases
Riverside,2024-04-30,2024-08-31,200,1,CDF,WNV cases
Riverside,2024-04-30,2024-09-30,0,0.767181,CDF,WNV cases
Riverside,2024-04-30,2024-09-30,1,0.891079,CDF,WNV cases
Riverside,2024-04-30,2024-09-30,2,0.958764,CDF,WNV cases
Riverside,2024-04-30,2024-09-30,3,1,CDF,WNV cases
Riverside,2024-04-30,2024-09-30,4,1,CDF,WNV cases
Riverside,2024-04-30,2024-09-30,5,1,CDF,WNV cases
Riverside,2024-04-30,2024-09-30,6,1,CDF,WNV cases
Riverside,2024-04-30,2024-09-30,8,1,CDF,WNV cases
Riverside,2024-04-30,2024-09-30,10,1,CDF,WNV cases
Riverside,2024-04-30,2024-09-30,15,1,CDF,WNV cases
Riverside,2024-04-30,2024-09-30,200,1,CDF,WNV cases
Riverside,2024-04-30,2024-10-31,0,0.891079,CDF,WNV cases
Riverside,2024-04-30,2024-10-31,1,0.958764,CDF,WNV cases
Riverside,2024-04-30,2024-10-31,2,1,CDF,WNV cases
Riverside,2024-04-30,2024-10-31,3,1,CDF,WNV cases
Riverside,2024-04-30,2024-10-31,4,1,CDF,WNV cases
Riverside,2024-04-30,2024-10-31,5,1,CDF,WNV cases
Riverside,2024-04-30,2024-10-31,6,1,CDF,WNV cases
Riverside,2024-04-30,2024-10-31,8,1,CDF,WNV cases
Riverside,2024-04-30,2024-10-31,10,1,CDF,WNV cases
Riverside,2024-04-30,2024-10-31,15,1,CDF,WNV cases
Riverside,2024-04-30,2024-10-31,200,1,CDF,WNV cases
Riverside,2024-04-30,2024-11-30,0,0.958764,CDF,WNV cases
Riverside,2024-04-30,2024-11-30,1,1,CDF,WNV cases
Riverside,2024-04-30,2024-11-30,2,1,CDF,WNV cases
Riverside,2024-04-30,2024-11-30,3,1,CDF,WNV cases
Riverside,2024-04-30,2024-11-30,4,1,CDF,WNV cases
Riverside,2024-04-30,2024-11-30,5,1,CDF,WNV cases
Riverside,2024-04-30,2024-11-30,6,1,CDF,WNV cases
Riverside,2024-04-30,2024-11-30,8,1,CDF,WNV cases
Riverside,2024-04-30,2024-11-30,10,1,CDF,WNV cases
Riverside,2024-04-30,2024-11-30,15,1,CDF,WNV cases
Riverside,2024-04-30,2024-11-30,200,1,CDF,WNV cases
Riverside,2024-04-30,2024-12-31,0,1,CDF,WNV cases
Riverside,2024-04-30,2024-12-31,1,1,CDF,WNV cases
Riverside,2024-04-30,2024-12-31,2,1,CDF,WNV cases
Riverside,2024-04-30,2024-12-31,3,1,CDF,WNV cases
Riverside,2024-04-30,2024-12-31,4,1,CDF,WNV cases
Riverside,2024-04-30,2024-12-31,5,1,CDF,WNV cases
Riverside,2024-04-30,2024-12-31,6,1,CDF,WNV cases
Riverside,2024-04-30,2024-12-31,8,1,CDF,WNV cases
Riverside,2024-04-30,2024-12-31,10,1,CDF,WNV cases
Riverside,2024-04-30,2024-12-31,15,1,CDF,WNV cases
Riverside,2024-04-30,2024-12-31,200,1,CDF,WNV cases
Sacramento,2024-04-30,2024-05-31,0,0.13303,CDF,WNV cases
Sacramento,2024-04-30,2024-05-31,1,0.238791,CDF,WNV cases
Sacramento,2024-04-30,2024-05-31,2,0.352928,CDF,WNV cases
Sacramento,2024-04-30,2024-05-31,3,0.546829,CDF,WNV cases
Sacramento,2024-04-30,2024-05-31,4,0.703364,CDF,WNV cases
Sacramento,2024-04-30,2024-05-31,5,0.812585,CDF,WNV cases
Sacramento,2024-04-30,2024-05-31,6,0.912194,CDF,WNV cases
Sacramento,2024-04-30,2024-05-31,8,1,CDF,WNV cases
Sacramento,2024-04-30,2024-05-31,10,1,CDF,WNV cases
Sacramento,2024-04-30,2024-05-31,15,1,CDF,WNV cases
Sacramento,2024-04-30,2024-05-31,200,1,CDF,WNV cases
Sacramento,2024-04-30,2024-06-30,0,0.238791,CDF,WNV cases
Sacramento,2024-04-30,2024-06-30,1,0.352928,CDF,WNV cases
Sacramento,2024-04-30,2024-06-30,2,0.546829,CDF,WNV cases
Sacramento,2024-04-30,2024-06-30,3,0.703364,CDF,WNV cases
Sacramento,2024-04-30,2024-06-30,4,0.812585,CDF,WNV cases
Sacramento,2024-04-30,2024-06-30,5,0.912194,CDF,WNV cases
Sacramento,2024-04-30,2024-06-30,6,1,CDF,WNV cases
Sacramento,2024-04-30,2024-06-30,8,1,CDF,WNV cases
Sacramento,2024-04-30,2024-06-30,10,1,CDF,WNV cases
Sacramento,2024-04-30,2024-06-30,15,1,CDF,WNV cases
Sacramento,2024-04-30,2024-06-30,200,1,CDF,WNV cases
Sacramento,2024-04-30,2024-07-31,0,0.352928,CDF,WNV cases
Sacramento,2024-04-30,2024-07-31,1,0.546829,CDF,WNV cases
Sacramento,2024-04-30,2024-07-31,2,0.703364,CDF,WNV cases
Sacramento,2024-04-30,2024-07-31,3,0.812585,CDF,WNV cases
Sacramento,2024-04-30,2024-07-31,4,0.912194,CDF,WNV cases
Sacramento,2024-04-30,2024-07-31,5,1,CDF,WNV cases
Sacramento,2024-04-30,2024-07-31,6,1,CDF,WNV cases
Sacramento,2024-04-30,2024-07-31,8,1,CDF,WNV cases
Sacramento,2024-04-30,2024-07-31,10,1,CDF,WNV cases
Sacramento,2024-04-30,2024-07-31,15,1,CDF,WNV cases
Sacramento,2024-04-30,2024-07-31,200,1,CDF,WNV cases
Sacramento,2024-04-30,2024-08-31,0,0.546829,CDF,WNV cases
Sacramento,2024-04-30,2024-08-31,1,0.703364,CDF,WNV cases
Sacramento,2024-04-30,2024-08-31,2,0.812585,CDF,WNV cases
Sacramento,2024-04-30,2024-08-31,3,0.912194,CDF,WNV cases
Sacramento,2024-04-30,2024-08-31,4,1,CDF,WNV cases
Sacramento,2024-04-30,2024-08-31,5,1,CDF,WNV cases
Sacramento,2024-04-30,2024-08-31,6,1,CDF,WNV cases
Sacramento,2024-04-30,2024-08-31,8,1,CDF,WNV cases
Sacramento,2024-04-30,2024-08-31,10,1,CDF,WNV cases
Sacramento,2024-04-30,2024-08-31,15,1,CDF,WNV cases
Sacramento,2024-04-30,2024-08-31,200,1,CDF,WNV cases
Sacramento,2024-04-30,2024-09-30,0,0.703364,CDF,WNV cases
Sacramento,2024-04-30,2024-09-30,1,0.812585,CDF,WNV cases
Sacramento,2024-04-30,2024-09-30,2,0.912194,CDF,WNV cases
Sacramento,2024-04-30,2024-09-30,3,1,CDF,WNV cases
Sacramento,2024-04-30,2024-09-30,4,1,CDF,WNV cases
Sacramento,2024-04-30,2024-09-30,5,1,CDF,WNV cases
Sacramento,2024-04-30,2024-09-30,6,1,CDF,WNV cases
Sacramento,2024-04-30,2024-09-30,8,1,CDF,WNV cases
Sacramento,2024-04-30,2024-09-30,10,1,CDF,WNV cases
Sacramento,2024-04-30,2024-09-30,15,1,CDF,WNV cases
Sacramento,2024-04-30,2024-09-30,200,1,CDF,WNV cases
Sacramento,2024-04-30,2024-10-31,0,0.812585,CDF,WNV cases
Sacramento,2024-04-30,2024-10-31,1,0.912194,CDF,WNV cases
Sacramento,2024-04-30,2024-10-31,2,1,CDF,WNV cases
Sacramento,2024-04-30,2024-10-31,3,1,CDF,WNV cases
Sacramento,2024-04-30,2024-10-31,4,1,CDF,WNV cases
Sacramento,2024-04-30,2024-10-31,5,1,CDF,WNV cases
Sacramento,2024-04-30,2024-10-31,6,1,CDF,WNV cases
Sacramento,2024-04-30,2024-10-31,8,1,CDF,WNV cases
Sacramento,2024-04-30,2024-10-31,10,1,CDF,WNV cases
Sacramento,2024-04-30,2024-10-31,15,1,CDF,WNV cases
Sacramento,2024-04-30,2024-10-31,200,1,CDF,WNV cases
Sacramento,2024-04-30,2024-11-30,0,0.912194,CDF,WNV cases
Sacramento,2024-04-30,2024-11-30,1,1,CDF,WNV cases
Sacramento,2024-04-30,2024-11-30,2,1,CDF,WNV cases
Sacramento,2024-04-30,2024-11-30,3,1,CDF,WNV cases
Sacramento,2024-04-30,2024-11-30,4,1,CDF,WNV cases
Sacramento,2024-04-30,2024-11-30,5,1,CDF,WNV cases
Sacramento,2024-04-30,2024-11-30,6,1,CDF,WNV cases
Sacramento,2024-04-30,2024-11-30,8,1,CDF,WNV cases
Sacramento,2024-04-30,2024-11-30,10,1,CDF,WNV cases
Sacramento,2024-04-30,2024-11-30,15,1,CDF,WNV cases
Sacramento,2024-04-30,2024-11-30,200,1,CDF,WNV cases
Sacramento,2024-04-30,2024-12-31,0,1,CDF,WNV cases
Sacramento,2024-04-30,2024-12-31,1,1,CDF,WNV cases
Sacramento,2024-04-30,2024-12-31,2,1,CDF,WNV cases
Sacramento,2024-04-30,2024-12-31,3,1,CDF,WNV cases
Sacramento,2024-04-30,2024-12-31,4,1,CDF,WNV cases
Sacramento,2024-04-30,2024-12-31,5,1,CDF,WNV cases
Sacramento,2024-04-30,2024-12-31,6,1,CDF,WNV cases
Sacramento,2024-04-30,2024-12-31,8,1,CDF,WNV cases
Sacramento,2024-04-30,2024-12-31,10,1,CDF,WNV cases
Sacramento,2024-04-30,2024-12-31,15,1,CDF,WNV cases
Sacramento,2024-04-30,2024-12-31,200,1,CDF,WNV cases
San Bernardino,2024-04-30,2024-05-31,0,0.088586,CDF,WNV cases
San Bernardino,2024-04-30,2024-05-31,1,0.185643,CDF,WNV cases
San Bernardino,2024-04-30,2024-05-31,2,0.331986,CDF,WNV cases
San Bernardino,2024-04-30,2024-05-31,3,0.587478,CDF,WNV cases
San Bernardino,2024-04-30,2024-05-31,4,0.787296,CDF,WNV cases
San Bernardino,2024-04-30,2024-05-31,5,0.905751,CDF,WNV cases
San Bernardino,2024-04-30,2024-05-31,6,0.965228,CDF,WNV cases
San Bernardino,2024-04-30,2024-05-31,8,1,CDF,WNV cases
San Bernardino,2024-04-30,2024-05-31,10,1,CDF,WNV cases
San Bernardino,2024-04-30,2024-05-31,15,1,CDF,WNV cases
San Bernardino,2024-04-30,2024-05-31,200,1,CDF,WNV cases
San Bernardino,2024-04-30,2024-06-30,0,0.185643,CDF,WNV cases
San Bernardino,2024-04-30,2024-06-30,1,0.331986,CDF,WNV cases
San Bernardino,2024-04-30,2024-06-30,2,0.587478,CDF,WNV cases
San Bernardino,2024-04-30,2024-06-30,3,0.787296,CDF,WNV cases
San Bernardino,2024-04-30,2024-06-30,4,0.905751,CDF,WNV cases
San Bernardino,2024-04-30,2024-06-30,5,0.965228,CDF,WNV cases
San Bernardino,2024-04-30,2024-06-30,6,1,CDF,WNV cases
San Bernardino,2024-04-30,2024-06-30,8,1,CDF,WNV cases
San Bernardino,2024-04-30,2024-06-30,10,1,CDF,WNV cases
San Bernardino,2024-04-30,2024-06-30,15,1,CDF,WNV cases
San Bernardino,2024-04-30,2024-06-30,200,1,CDF,WNV cases
San Bernardino,2024-04-30,2024-07-31,0,0.331986,CDF,WNV cases
San Bernardino,2024-04-30,2024-07-31,1,0.587478,CDF,WNV cases
San Bernardino,2024-04-30,2024-07-31,2,0.787296,CDF,WNV cases
San Bernardino,2024-04-30,2024-07-31,3,0.905751,CDF,WNV cases
San Bernardino,2024-04-30,2024-07-31,4,0.965228,CDF,WNV cases
San Bernardino,2024-04-30,2024-07-31,5,1,CDF,WNV cases
San Bernardino,2024-04-30,2024-07-31,6,1,CDF,WNV cases
San Bernardino,2024-04-30,2024-07-31,8,1,CDF,WNV cases
San Bernardino,2024-04-30,2024-07-31,10,1,CDF,WNV cases
San Bernardino,2024-04-30,2024-07-31,15,1,CDF,WNV cases
San Bernardino,2024-04-30,2024-07-31,200,1,CDF,WNV cases
San Bernardino,2024-04-30,2024-08-31,0,0.587478,CDF,WNV cases
San Bernardino,2024-04-30,2024-08-31,1,0.787296,CDF,WNV cases
San Bernardino,2024-04-30,2024-08-31,2,0.905751,CDF,WNV cases
San Bernardino,2024-04-30,2024-08-31,3,0.965228,CDF,WNV cases
San Bernardino,2024-04-30,2024-08-31,4,1,CDF,WNV cases
San Bernardino,2024-04-30,2024-08-31,5,1,CDF,WNV cases
San Bernardino,2024-04-30,2024-08-31,6,1,CDF,WNV cases
San Bernardino,2024-04-30,2024-08-31,8,1,CDF,WNV cases
San Bernardino,2024-04-30,2024-08-31,10,1,CDF,WNV cases
San Bernardino,2024-04-30,2024-08-31,15,1,CDF,WNV cases
San Bernardino,2024-04-30,2024-08-31,200,1,CDF,WNV cases
San Bernardino,2024-04-30,2024-09-30,0,0.787296,CDF,WNV cases
San Bernardino,2024-04-30,2024-09-30,1,0.905751,CDF,WNV cases
San Bernardino,2024-04-30,2024-09-30,2,0.965228,CDF,WNV cases
San Bernardino,2024-04-30,2024-09-30,3,1,CDF,WNV cases
San Bernardino,2024-04-30,2024-09-30,4,1,CDF,WNV cases
San Bernardino,2024-04-30,2024-09-30,5,1,CDF,WNV cases
San Bernardino,2024-04-30,2024-09-30,6,1,CDF,WNV cases
San Bernardino,2024-04-30,2024-09-30,8,1,CDF,WNV cases
San Bernardino,2024-04-30,2024-09-30,10,1,CDF,WNV cases
San Bernardino,2024-04-30,2024-09-30,15,1,CDF,WNV cases
San Bernardino,2024-04-30,2024-09-30,200,1,CDF,WNV cases
San Bernardino,2024-04-30,2024-10-31,0,0.905751,CDF,WNV cases
San Bernardino,2024-04-30,2024-10-31,1,0.965228,CDF,WNV cases
San Bernardino,2024-04-30,2024-10-31,2,1,CDF,WNV cases
San Bernardino,2024-04-30,2024-10-31,3,1,CDF,WNV cases
San Bernardino,2024-04-30,2024-10-31,4,1,CDF,WNV cases
San Bernardino,2024-04-30,2024-10-31,5,1,CDF,WNV cases
San Bernardino,2024-04-30,2024-10-31,6,1,CDF,WNV cases
San Bernardino,2024-04-30,2024-10-31,8,1,CDF,WNV cases
San Bernardino,2024-04-30,2024-10-31,10,1,CDF,WNV cases
San Bernardino,2024-04-30,2024-10-31,15,1,CDF,WNV cases
San Bernardino,2024-04-30,2024-10-31,200,1,CDF,WNV cases
San Bernardino,2024-04-30,2024-11-30,0,0.965228,CDF,WNV cases
San Bernardino,2024-04-30,2024-11-30,1,1,CDF,WNV cases
San Bernardino,2024-04-30,2024-11-30,2,1,CDF,WNV cases
San Bernardino,2024-04-30,2024-11-30,3,1,CDF,WNV cases
San Bernardino,2024-04-30,2024-11-30,4,1,CDF,WNV cases
San Bernardino,2024-04-30,2024-11-30,5,1,CDF,WNV cases
San Bernardino,2024-04-30,2024-11-30,6,1,CDF,WNV cases
San Bernardino,2024-04-30,2024-11-30,8,1,CDF,WNV cases
San Bernardino,2024-04-30,2024-11-30,10,1,CDF,WNV cases
San Bernardino,2024-04-30,2024-11-30,15,1,CDF,WNV cases
San Bernardino,2024-04-30,2024-11-30,200,1,CDF,WNV cases
San Bernardino,2024-04-30,2024-12-31,0,1,CDF,WNV cases
San Bernardino,2024-04-30,2024-12-31,1,1,CDF,WNV cases
San Bernardino,2024-04-30,2024-12-31,2,1,CDF,WNV cases
San Bernardino,2024-04-30,2024-12-31,3,1,CDF,WNV cases
San Bernardino,2024-04-30,2024-12-31,4,1,CDF,WNV cases
San Bernardino,2024-04-30,2024-12-31,5,1,CDF,WNV cases
San Bernardino,2024-04-30,2024-12-31,6,1,CDF,WNV cases
San Bernardino,2024-04-30,2024-12-31,8,1,CDF,WNV cases
San Bernardino,2024-04-30,2024-12-31,10,1,CDF,WNV cases
San Bernardino,2024-04-30,2024-12-31,15,1,CDF,WNV cases
San Bernardino,2024-04-30,2024-12-31,200,1,CDF,WNV cases
San Joaquin,2024-04-30,2024-05-31,0,0.129149,CDF,WNV cases
San Joaquin,2024-04-30,2024-05-31,1,0.233304,CDF,WNV cases
San Joaquin,2024-04-30,2024-05-31,2,0.347305,CDF,WNV cases
San Joaquin,2024-04-30,2024-05-31,3,0.545688,CDF,WNV cases
San Joaquin,2024-04-30,2024-05-31,4,0.704067,CDF,WNV cases
San Joaquin,2024-04-30,2024-05-31,5,0.812443,CDF,WNV cases
San Joaquin,2024-04-30,2024-05-31,6,0.912286,CDF,WNV cases
San Joaquin,2024-04-30,2024-05-31,8,1,CDF,WNV cases
San Joaquin,2024-04-30,2024-05-31,10,1,CDF,WNV cases
San Joaquin,2024-04-30,2024-05-31,15,1,CDF,WNV cases
San Joaquin,2024-04-30,2024-05-31,200,1,CDF,WNV cases
San Joaquin,2024-04-30,2024-06-30,0,0.233304,CDF,WNV cases
San Joaquin,2024-04-30,2024-06-30,1,0.347305,CDF,WNV cases
San Joaquin,2024-04-30,2024-06-30,2,0.545688,CDF,WNV cases
San Joaquin,2024-04-30,2024-06-30,3,0.704067,CDF,WNV cases
San Joaquin,2024-04-30,2024-06-30,4,0.812443,CDF,WNV cases
San Joaquin,2024-04-30,2024-06-30,5,0.912286,CDF,WNV cases
San Joaquin,2024-04-30,2024-06-30,6,1,CDF,WNV cases
San Joaquin,2024-04-30,2024-06-30,8,1,CDF,WNV cases
San Joaquin,2024-04-30,2024-06-30,10,1,CDF,WNV cases
San Joaquin,2024-04-30,2024-06-30,15,1,CDF,WNV cases
San Joaquin,2024-04-30,2024-06-30,200,1,CDF,WNV cases
San Joaquin,2024-04-30,2024-07-31,0,0.347305,CDF,WNV cases
San Joaquin,2024-04-30,2024-07-31,1,0.545688,CDF,WNV cases
San Joaquin,2024-04-30,2024-07-31,2,0.704067,CDF,WNV cases
San Joaquin,2024-04-30,2024-07-31,3,0.812443,CDF,WNV cases
San Joaquin,2024-04-30,2024-07-31,4,0.912286,CDF,WNV cases
San Joaquin,2024-04-30,2024-07-31,5,1,CDF,WNV cases
San Joaquin,2024-04-30,2024-07-31,6,1,CDF,WNV cases
San Joaquin,2024-04-30,2024-07-31,8,1,CDF,WNV cases
San Joaquin,2024-04-30,2024-07-31,10,1,CDF,WNV cases
San Joaquin,2024-04-30,2024-07-31,15,1,CDF,WNV cases
San Joaquin,2024-04-30,2024-07-31,200,1,CDF,WNV cases
San Joaquin,2024-04-30,2024-08-31,0,0.545688,CDF,WNV cases
San Joaquin,2024-04-30,2024-08-31,1,0.704067,CDF,WNV cases
San Joaquin,2024-04-30,2024-08-31,2,0.812443,CDF,WNV cases
San Joaquin,2024-04-30,2024-08-31,3,0.912286,CDF,WNV cases
San Joaquin,2024-04-30,2024-08-31,4,1,CDF,WNV cases
San Joaquin,2024-04-30,2024-08-31,5,1,CDF,WNV cases
San Joaquin,2024-04-30,2024-08-31,6,1,CDF,WNV cases
San Joaquin,2024-04-30,2024-08-31,8,1,CDF,WNV cases
San Joaquin,2024-04-30,2024-08-31,10,1,CDF,WNV cases
San Joaquin,2024-04-30,2024-08-31,15,1,CDF,WNV cases
San Joaquin,2024-04-30,2024-08-31,200,1,CDF,WNV cases
San Joaquin,2024-04-30,2024-09-30,0,0.704067,CDF,WNV cases
San Joaquin,2024-04-30,2024-09-30,1,0.812443,CDF,WNV cases
San Joaquin,2024-04-30,2024-09-30,2,0.912286,CDF,WNV cases
San Joaquin,2024-04-30,2024-09-30,3,1,CDF,WNV cases
San Joaquin,2024-04-30,2024-09-30,4,1,CDF,WNV cases
San Joaquin,2024-04-30,2024-09-30,5,1,CDF,WNV cases
San Joaquin,2024-04-30,2024-09-30,6,1,CDF,WNV cases
San Joaquin,2024-04-30,2024-09-30,8,1,CDF,WNV cases
San Joaquin,2024-04-30,2024-09-30,10,1,CDF,WNV cases
San Joaquin,2024-04-30,2024-09-30,15,1,CDF,WNV cases
San Joaquin,2024-04-30,2024-09-30,200,1,CDF,WNV cases
San Joaquin,2024-04-30,2024-10-31,0,0.812443,CDF,WNV cases
San Joaquin,2024-04-30,2024-10-31,1,0.912286,CDF,WNV cases
San Joaquin,2024-04-30,2024-10-31,2,1,CDF,WNV cases
San Joaquin,2024-04-30,2024-10-31,3,1,CDF,WNV cases
San Joaquin,2024-04-30,2024-10-31,4,1,CDF,WNV cases
San Joaquin,2024-04-30,2024-10-31,5,1,CDF,WNV cases
San Joaquin,2024-04-30,2024-10-31,6,1,CDF,WNV cases
San Joaquin,2024-04-30,2024-10-31,8,1,CDF,WNV cases
San Joaquin,2024-04-30,2024-10-31,10,1,CDF,WNV cases
San Joaquin,2024-04-30,2024-10-31,15,1,CDF,WNV cases
San Joaquin,2024-04-30,2024-10-31,200,1,CDF,WNV cases
San Joaquin,2024-04-30,2024-11-30,0,0.912286,CDF,WNV cases
San Joaquin,2024-04-30,2024-11-30,1,1,CDF,WNV cases
San Joaquin,2024-04-30,2024-11-30,2,1,CDF,WNV cases
San Joaquin,2024-04-30,2024-11-30,3,1,CDF,WNV cases
San Joaquin,2024-04-30,2024-11-30,4,1,CDF,WNV cases
San Joaquin,2024-04-30,2024-11-30,5,1,CDF,WNV cases
San Joaquin,2024-04-30,2024-11-30,6,1,CDF,WNV cases
San Joaquin,2024-04-30,2024-11-30,8,1,CDF,WNV cases
San Joaquin,2024-04-30,2024-11-30,10,1,CDF,WNV cases
San Joaquin,2024-04-30,2024-11-30,15,1,CDF,WNV cases
San Joaquin,2024-04-30,2024-11-30,200,1,CDF,WNV cases
San Joaquin,2024-04-30,2024-12-31,0,1,CDF,WNV cases
San Joaquin,2024-04-30,2024-12-31,1,1,CDF,WNV cases
San Joaquin,2024-04-30,2024-12-31,2,1,CDF,WNV cases
San Joaquin,2024-04-30,2024-12-31,3,1,CDF,WNV cases
San Joaquin,2024-04-30,2024-12-31,4,1,CDF,WNV cases
San Joaquin,2024-04-30,2024-12-31,5,1,CDF,WNV cases
San Joaquin,2024-04-30,2024-12-31,6,1,CDF,WNV cases
San Joaquin,2024-04-30,2024-12-31,8,1,CDF,WNV cases
San Joaquin,2024-04-30,2024-12-31,10,1,CDF,WNV cases
San Joaquin,2024-04-30,2024-12-31,15,1,CDF,WNV cases
San Joaquin,2024-04-30,2024-12-31,200,1,CDF,WNV cases
Solano,2024-04-30,2024-05-31,0,0.137752,CDF,WNV cases
Solano,2024-04-30,2024-05-31,1,0.240122,CDF,WNV cases
Solano,2024-04-30,2024-05-31,2,0.347297,CDF,WNV cases
Solano,2024-04-30,2024-05-31,3,0.527054,CDF,WNV cases
Solano,2024-04-30,2024-05-31,4,0.67571,CDF,WNV cases
Solano,2024-04-30,2024-05-31,5,0.790401,CDF,WNV cases
Solano,2024-04-30,2024-05-31,6,0.898036,CDF,WNV cases
Solano,2024-04-30,2024-05-31,8,1,CDF,WNV cases
Solano,2024-04-30,2024-05-31,10,1,CDF,WNV cases
Solano,2024-04-30,2024-05-31,15,1,CDF,WNV cases
Solano,2024-04-30,2024-05-31,200,1,CDF,WNV cases
Solano,2024-04-30,2024-06-30,0,0.240122,CDF,WNV cases
Solano,2024-04-30,2024-06-30,1,0.347297,CDF,WNV cases
Solano,2024-04-30,2024-06-30,2,0.527054,CDF,WNV cases
Solano,2024-04-30,2024-06-30,3,0.67571,CDF,WNV cases
Solano,2024-04-30,2024-06-30,4,0.790401,CDF,WNV cases
Solano,2024-04-30,2024-06-30,5,0.898036,CDF,WNV cases
Solano,2024-04-30,2024-06-30,6,1,CDF,WNV cases
Solano,2024-04-30,2024-06-30,8,1,CDF,WNV cases
Solano,2024-04-30,2024-06-30,10,1,CDF,WNV cases
Solano,2024-04-30,2024-06-30,15,1,CDF,WNV cases
Solano,2024-04-30,2024-06-30,200,1,CDF,WNV cases
Solano,2024-04-30,2024-07-31,0,0.347297,CDF,WNV cases
Solano,2024-04-30,2024-07-31,1,0.527054,CDF,WNV cases
Solano,2024-04-30,2024-07-31,2,0.67571,CDF,WNV cases
Solano,2024-04-30,2024-07-31,3,0.790401,CDF,WNV cases
Solano,2024-04-30,2024-07-31,4,0.898036,CDF,WNV cases
Solano,2024-04-30,2024-07-31,5,1,CDF,WNV cases
Solano,2024-04-30,2024-07-31,6,1,CDF,WNV cases
Solano,2024-04-30,2024-07-31,8,1,CDF,WNV cases
Solano,2024-04-30,2024-07-31,10,1,CDF,WNV cases
Solano,2024-04-30,2024-07-31,15,1,CDF,WNV cases
Solano,2024-04-30,2024-07-31,200,1,CDF,WNV cases
Solano,2024-04-30,2024-08-31,0,0.527054,CDF,WNV cases
Solano,2024-04-30,2024-08-31,1,0.67571,CDF,WNV cases
Solano,2024-04-30,2024-08-31,2,0.790401,CDF,WNV cases
Solano,2024-04-30,2024-08-31,3,0.898036,CDF,WNV cases
Solano,2024-04-30,2024-08-31,4,1,CDF,WNV cases
Solano,2024-04-30,2024-08-31,5,1,CDF,WNV cases
Solano,2024-04-30,2024-08-31,6,1,CDF,WNV cases
Solano,2024-04-30,2024-08-31,8,1,CDF,WNV cases
Solano,2024-04-30,2024-08-31,10,1,CDF,WNV cases
Solano,2024-04-30,2024-08-31,15,1,CDF,WNV cases
Solano,2024-04-30,2024-08-31,200,1,CDF,WNV cases
Solano,2024-04-30,2024-09-30,0,0.67571,CDF,WNV cases
Solano,2024-04-30,2024-09-30,1,0.790401,CDF,WNV cases
Solano,2024-04-30,2024-09-30,2,0.898036,CDF,WNV cases
Solano,2024-04-30,2024-09-30,3,1,CDF,WNV cases
Solano,2024-04-30,2024-09-30,4,1,CDF,WNV cases
Solano,2024-04-30,2024-09-30,5,1,CDF,WNV cases
Solano,2024-04-30,2024-09-30,6,1,CDF,WNV cases
Solano,2024-04-30,2024-09-30,8,1,CDF,WNV cases
Solano,2024-04-30,2024-09-30,10,1,CDF,WNV cases
Solano,2024-04-30,2024-09-30,15,1,CDF,WNV cases
Solano,2024-04-30,2024-09-30,200,1,CDF,WNV cases
Solano,2024-04-30,2024-10-31,0,0.790401,CDF,WNV cases
Solano,2024-04-30,2024-10-31,1,0.898036,CDF,WNV cases
Solano,2024-04-30,2024-10-31,2,1,CDF,WNV cases
Solano,2024-04-30,2024-10-31,3,1,CDF,WNV cases
Solano,2024-04-30,2024-10-31,4,1,CDF,WNV cases
Solano,2024-04-30,2024-10-31,5,1,CDF,WNV cases
Solano,2024-04-30,2024-10-31,6,1,CDF,WNV cases
Solano,2024-04-30,2024-10-31,8,1,CDF,WNV cases
Solano,2024-04-30,2024-10-31,10,1,CDF,WNV cases
Solano,2024-04-30,2024-10-31,15,1,CDF,WNV cases
Solano,2024-04-30,2024-10-31,200,1,CDF,WNV cases
Solano,2024-04-30,2024-11-30,0,0.898036,CDF,WNV cases
Solano,2024-04-30,2024-11-30,1,1,CDF,WNV cases
Solano,2024-04-30,2024-11-30,2,1,CDF,WNV cases
Solano,2024-04-30,2024-11-30,3,1,CDF,WNV cases
Solano,2024-04-30,2024-11-30,4,1,CDF,WNV cases
Solano,2024-04-30,2024-11-30,5,1,CDF,WNV cases
Solano,2024-04-30,2024-11-30,6,1,CDF,WNV cases
Solano,2024-04-30,2024-11-30,8,1,CDF,WNV cases
Solano,2024-04-30,2024-11-30,10,1,CDF,WNV cases
Solano,2024-04-30,2024-11-30,15,1,CDF,WNV cases
Solano,2024-04-30,2024-11-30,200,1,CDF,WNV cases
Solano,2024-04-30,2024-12-31,0,1,CDF,WNV cases
Solano,2024-04-30,2024-12-31,1,1,CDF,WNV cases
Solano,2024-04-30,2024-12-31,2,1,CDF,WNV cases
Solano,2024-04-30,2024-12-31,3,1,CDF,WNV cases
Solano,2024-04-30,2024-12-31,4,1,CDF,WNV cases
Solano,2024-04-30,2024-12-31,5,1,CDF,WNV cases
Solano,2024-04-30,2024-12-31,6,1,CDF,WNV cases
Solano,2024-04-30,2024-12-31,8,1,CDF,WNV cases
Solano,2024-04-30,2024-12-31,10,1,CDF,WNV cases
Solano,2024-04-30,2024-12-31,15,1,CDF,WNV cases
Solano,2024-04-30,2024-12-31,200,1,CDF,WNV cases
Stanislaus,2024-04-30,2024-05-31,0,0.122874,CDF,WNV cases
Stanislaus,2024-04-30,2024-05-31,1,0.22285,CDF,WNV cases
Stanislaus,2024-04-30,2024-05-31,2,0.335007,CDF,WNV cases
Stanislaus,2024-04-30,2024-05-31,3,0.545074,CDF,WNV cases
Stanislaus,2024-04-30,2024-05-31,4,0.714454,CDF,WNV cases
Stanislaus,2024-04-30,2024-05-31,5,0.823304,CDF,WNV cases
Stanislaus,2024-04-30,2024-05-31,6,0.916192,CDF,WNV cases
Stanislaus,2024-04-30,2024-05-31,8,1,CDF,WNV cases
Stanislaus,2024-04-30,2024-05-31,10,1,CDF,WNV cases
Stanislaus,2024-04-30,2024-05-31,15,1,CDF,WNV cases
Stanislaus,2024-04-30,2024-05-31,200,1,CDF,WNV cases
Stanislaus,2024-04-30,2024-06-30,0,0.22285,CDF,WNV cases
Stanislaus,2024-04-30,2024-06-30,1,0.335007,CDF,WNV cases
Stanislaus,2024-04-30,2024-06-30,2,0.545074,CDF,WNV cases
Stanislaus,2024-04-30,2024-06-30,3,0.714454,CDF,WNV cases
Stanislaus,2024-04-30,2024-06-30,4,0.823304,CDF,WNV cases
Stanislaus,2024-04-30,2024-06-30,5,0.916192,CDF,WNV cases
Stanislaus,2024-04-30,2024-06-30,6,1,CDF,WNV cases
Stanislaus,2024-04-30,2024-06-30,8,1,CDF,WNV cases
Stanislaus,2024-04-30,2024-06-30,10,1,CDF,WNV cases
Stanislaus,2024-04-30,2024-06-30,15,1,CDF,WNV cases
Stanislaus,2024-04-30,2024-06-30,200,1,CDF,WNV cases
Stanislaus,2024-04-30,2024-07-31,0,0.335007,CDF,WNV cases
Stanislaus,2024-04-30,2024-07-31,1,0.545074,CDF,WNV cases
Stanislaus,2024-04-30,2024-07-31,2,0.714454,CDF,WNV cases
Stanislaus,2024-04-30,2024-07-31,3,0.823304,CDF,WNV cases
Stanislaus,2024-04-30,2024-07-31,4,0.916192,CDF,WNV cases
Stanislaus,2024-04-30,2024-07-31,5,1,CDF,WNV cases
Stanislaus,2024-04-30,2024-07-31,6,1,CDF,WNV cases
Stanislaus,2024-04-30,2024-07-31,8,1,CDF,WNV cases
Stanislaus,2024-04-30,2024-07-31,10,1,CDF,WNV cases
Stanislaus,2024-04-30,2024-07-31,15,1,CDF,WNV cases
Stanislaus,2024-04-30,2024-07-31,200,1,CDF,WNV cases
Stanislaus,2024-04-30,2024-08-31,0,0.545074,CDF,WNV cases
Stanislaus,2024-04-30,2024-08-31,1,0.714454,CDF,WNV cases
Stanislaus,2024-04-30,2024-08-31,2,0.823304,CDF,WNV cases
Stanislaus,2024-04-30,2024-08-31,3,0.916192,CDF,WNV cases
Stanislaus,2024-04-30,2024-08-31,4,1,CDF,WNV cases
Stanislaus,2024-04-30,2024-08-31,5,1,CDF,WNV cases
Stanislaus,2024-04-30,2024-08-31,6,1,CDF,WNV cases
Stanislaus,2024-04-30,2024-08-31,8,1,CDF,WNV cases
Stanislaus,2024-04-30,2024-08-31,10,1,CDF,WNV cases
Stanislaus,2024-04-30,2024-08-31,15,1,CDF,WNV cases
Stanislaus,2024-04-30,2024-08-31,200,1,CDF,WNV cases
Stanislaus,2024-04-30,2024-09-30,0,0.714454,CDF,WNV cases
Stanislaus,2024-04-30,2024-09-30,1,0.823304,CDF,WNV cases
Stanislaus,2024-04-30,2024-09-30,2,0.916192,CDF,WNV cases
Stanislaus,2024-04-30,2024-09-30,3,1,CDF,WNV cases
Stanislaus,2024-04-30,2024-09-30,4,1,CDF,WNV cases
Stanislaus,2024-04-30,2024-09-30,5,1,CDF,WNV cases
Stanislaus,2024-04-30,2024-09-30,6,1,CDF,WNV cases
Stanislaus,2024-04-30,2024-09-30,8,1,CDF,WNV cases
Stanislaus,2024-04-30,2024-09-30,10,1,CDF,WNV cases
Stanislaus,2024-04-30,2024-09-30,15,1,CDF,WNV cases
Stanislaus,2024-04-30,2024-09-30,200,1,CDF,WNV cases
Stanislaus,2024-04-30,2024-10-31,0,0.823304,CDF,WNV cases
Stanislaus,2024-04-30,2024-10-31,1,0.916192,CDF,WNV cases
Stanislaus,2024-04-30,2024-10-31,2,1,CDF,WNV cases
Stanislaus,2024-04-30,2024-10-31,3,1,CDF,WNV cases
Stanislaus,2024-04-30,2024-10-31,4,1,CDF,WNV cases
Stanislaus,2024-04-30,2024-10-31,5,1,CDF,WNV cases
Stanislaus,2024-04-30,2024-10-31,6,1,CDF,WNV cases
Stanislaus,2024-04-30,2024-10-31,8,1,CDF,WNV cases
Stanislaus,2024-04-30,2024-10-31,10,1,CDF,WNV cases
Stanislaus,2024-04-30,2024-10-31,15,1,CDF,WNV cases
Stanislaus,2024-04-30,2024-10-31,200,1,CDF,WNV cases
Stanislaus,2024-04-30,2024-11-30,0,0.916192,CDF,WNV cases
Stanislaus,2024-04-30,2024-11-30,1,1,CDF,WNV cases
Stanislaus,2024-04-30,2024-11-30,2,1,CDF,WNV cases
Stanislaus,2024-04-30,2024-11-30,3,1,CDF,WNV cases
Stanislaus,2024-04-30,2024-11-30,4,1,CDF,WNV cases
Stanislaus,2024-04-30,2024-11-30,5,1,CDF,WNV cases
Stanislaus,2024-04-30,2024-11-30,6,1,CDF,WNV cases
Stanislaus,2024-04-30,2024-11-30,8,1,CDF,WNV cases
Stanislaus,2024-04-30,2024-11-30,10,1,CDF,WNV cases
Stanislaus,2024-04-30,2024-11-30,15,1,CDF,WNV cases
Stanislaus,2024-04-30,2024-11-30,200,1,CDF,WNV cases
Stanislaus,2024-04-30,2024-12-31,0,1,CDF,WNV cases
Stanislaus,2024-04-30,2024-12-31,1,1,CDF,WNV cases
Stanislaus,2024-04-30,2024-12-31,2,1,CDF,WNV cases
Stanislaus,2024-04-30,2024-12-31,3,1,CDF,WNV cases
Stanislaus,2024-04-30,2024-12-31,4,1,CDF,WNV cases
Stanislaus,2024-04-30,2024-12-31,5,1,CDF,WNV cases
Stanislaus,2024-04-30,2024-12-31,6,1,CDF,WNV cases
Stanislaus,2024-04-30,2024-12-31,8,1,CDF,WNV cases
Stanislaus,2024-04-30,2024-12-31,10,1,CDF,WNV cases
Stanislaus,2024-04-30,2024-12-31,15,1,CDF,WNV cases
Stanislaus,2024-04-30,2024-12-31,200,1,CDF,WNV cases
Tulare,2024-04-30,2024-05-31,0,0.13814,CDF,WNV cases
Tulare,2024-04-30,2024-05-31,1,0.222085,CDF,WNV cases
Tulare,2024-04-30,2024-05-31,2,0.31354,CDF,WNV cases
Tulare,2024-04-30,2024-05-31,3,0.546633,CDF,WNV cases
Tulare,2024-04-30,2024-05-31,4,0.730571,CDF,WNV cases
Tulare,2024-04-30,2024-05-31,5,0.841799,CDF,WNV cases
Tulare,2024-04-30,2024-05-31,6,0.922061,CDF,WNV cases
Tulare,2024-04-30,2024-05-31,8,1,CDF,WNV cases
Tulare,2024-04-30,2024-05-31,10,1,CDF,WNV cases
Tulare,2024-04-30,2024-05-31,15,1,CDF,WNV cases
Tulare,2024-04-30,2024-05-31,200,1,CDF,WNV cases
Tulare,2024-04-30,2024-06-30,0,0.222085,CDF,WNV cases
Tulare,2024-04-30,2024-06-30,1,0.31354,CDF,WNV cases
Tulare,2024-04-30,2024-06-30,2,0.546633,CDF,WNV cases
Tulare,2024-04-30,2024-06-30,3,0.730571,CDF,WNV cases
Tulare,2024-04-30,2024-06-30,4,0.841799,CDF,WNV cases
Tulare,2024-04-30,2024-06-30,5,0.922061,CDF,WNV cases
Tulare,2024-04-30,2024-06-30,6,1,CDF,WNV cases
Tulare,2024-04-30,2024-06-30,8,1,CDF,WNV cases
Tulare,2024-04-30,2024-06-30,10,1,CDF,WNV cases
Tulare,2024-04-30,2024-06-30,15,1,CDF,WNV cases
Tulare,2024-04-30,2024-06-30,200,1,CDF,WNV cases
Tulare,2024-04-30,2024-07-31,0,0.31354,CDF,WNV cases
Tulare,2024-04-30,2024-07-31,1,0.546633,CDF,WNV cases
Tulare,2024-04-30,2024-07-31,2,0.730571,CDF,WNV cases
Tulare,2024-04-30,2024-07-31,3,0.841799,CDF,WNV cases
Tulare,2024-04-30,2024-07-31,4,0.922061,CDF,WNV cases
Tulare,2024-04-30,2024-07-31,5,1,CDF,WNV cases
Tulare,2024-04-30,2024-07-31,6,1,CDF,WNV cases
Tulare,2024-04-30,2024-07-31,8,1,CDF,WNV cases
Tulare,2024-04-30,2024-07-31,10,1,CDF,WNV cases
Tulare,2024-04-30,2024-07-31,15,1,CDF,WNV cases
Tulare,2024-04-30,2024-07-31,200,1,CDF,WNV cases
Tulare,2024-04-30,2024-08-31,0,0.546633,CDF,WNV cases
Tulare,2024-04-30,2024-08-31,1,0.730571,CDF,WNV cases
Tulare,2024-04-30,2024-08-31,2,0.841799,CDF,WNV cases
Tulare,2024-04-30,2024-08-31,3,0.922061,CDF,WNV cases
Tulare,2024-04-30,2024-08-31,4,1,CDF,WNV cases
Tulare,2024-04-30,2024-08-31,5,1,CDF,WNV cases
Tulare,2024-04-30,2024-08-31,6,1,CDF,WNV cases
Tulare,2024-04-30,2024-08-31,8,1,CDF,WNV cases
Tulare,2024-04-30,2024-08-31,10,1,CDF,WNV cases
Tulare,2024-04-30,2024-08-31,15,1,CDF,WNV cases
Tulare,2024-04-30,2024-08-31,200,1,CDF,WNV cases
Tulare,2024-04-30,2024-09-30,0,0.730571,CDF,WNV cases
Tulare,2024-04-30,2024-09-30,1,0.841799,CDF,WNV cases
Tulare,2024-04-30,2024-09-30,2,0.922061,CDF,WNV cases
Tulare,2024-04-30,2024-09-30,3,1,CDF,WNV cases
Tulare,2024-04-30,2024-09-30,4,1,CDF,WNV cases
Tulare,2024-04-30,2024-09-30,5,1,CDF,WNV cases
Tulare,2024-04-30,2024-09-30,6,1,CDF,WNV cases
Tulare,2024-04-30,2024-09-30,8,1,CDF,WNV cases
Tulare,2024-04-30,2024-09-30,10,1,CDF,WNV cases
Tulare,2024-04-30,2024-09-30,15,1,CDF,WNV cases
Tulare,2024-04-30,2024-09-30,200,1,CDF,WNV cases
Tulare,2024-04-30,2024-10-31,0,0.841799,CDF,WNV cases
Tulare,2024-04-30,2024-10-31,1,0.922061,CDF,WNV cases
Tulare,2024-04-30,2024-10-31,2,1,CDF,WNV cases
Tulare,2024-04-30,2024-10-31,3,1,CDF,WNV cases
Tulare,2024-04-30,2024-10-31,4,1,CDF,WNV cases
Tulare,2024-04-30,2024-10-31,5,1,CDF,WNV cases
Tulare,2024-04-30,2024-10-31,6,1,CDF,WNV cases
Tulare,2024-04-30,2024-10-31,8,1,CDF,WNV cases
Tulare,2024-04-30,2024-10-31,10,1,CDF,WNV cases
Tulare,2024-04-30,2024-10-31,15,1,CDF,WNV cases
Tulare,2024-04-30,2024-10-31,200,1,CDF,WNV cases
Tulare,2024-04-30,2024-11-30,0,0.922061,CDF,WNV cases
Tulare,2024-04-30,2024-11-30,1,1,CDF,WNV cases
Tulare,2024-04-30,2024-11-30,2,1,CDF,WNV cases
Tulare,2024-04-30,2024-11-30,3,1,CDF,WNV cases
Tulare,2024-04-30,2024-11-30,4,1,CDF,WNV cases
Tulare,2024-04-30,2024-11-30,5,1,CDF,WNV cases
Tulare,2024-04-30,2024-11-30,6,1,CDF,WNV cases
Tulare,2024-04-30,2024-11-30,8,1,CDF,WNV cases
Tulare,2024-04-30,2024-11-30,10,1,CDF,WNV cases
Tulare,2024-04-30,2024-11-30,15,1,CDF,WNV cases
Tulare,2024-04-30,2024-11-30,200,1,CDF,WNV cases
Tulare,2024-04-30,2024-12-31,0,1,CDF,WNV cases
Tulare,2024-04-30,2024-12-31,1,1,CDF,WNV cases
Tulare,2024-04-30,2024-12-31,2,1,CDF,WNV cases
Tulare,2024-04-30,2024-12-31,3,1,CDF,WNV cases
Tulare,2024-04-30,2024-12-31,4,1,CDF,WNV cases
Tulare,2024-04-30,2024-12-31,5,1,CDF,WNV cases
Tulare,2024-04-30,2024-12-31,6,1,CDF,WNV cases
Tulare,2024-04-30,2024-12-31,8,1,CDF,WNV cases
Tulare,2024-04-30,2024-12-31,10,1,CDF,WNV cases
Tulare,2024-04-30,2024-12-31,15,1,CDF,WNV cases
Tulare,2024-04-30,2024-12-31,200,1,CDF,WNV cases