,location,origin_date,target_date,output_type_id,value,output_type,target
1,Fresno,2024-04-30,2024-05-01,0,0.138871,cdf,WNV cases
2,Fresno,2024-04-30,2024-05-01,1,0.267433,cdf,WNV cases
3,Fresno,2024-04-30,2024-05-01,2,0.399961,cdf,WNV cases
4,Fresno,2024-04-30,2024-05-01,3,0.552374,cdf,WNV cases
5,Fresno,2024-04-30,2024-05-01,4,0.688262,cdf,WNV cases
6,Fresno,2024-04-30,2024-05-01,5,0.781028,cdf,WNV cases
7,Fresno,2024-04-30,2024-05-01,6,0.894756,cdf,WNV cases
8,Fresno,2024-04-30,2024-05-01,8,1,cdf,WNV cases
9,Fresno,2024-04-30,2024-05-01,10,1,cdf,WNV cases
10,Fresno,2024-04-30,2024-05-01,15,1,cdf,WNV cases
11,Fresno,2024-04-30,2024-05-01,200,1,cdf,WNV cases
12,Fresno,2024-04-30,2024-06-01,0,0.267433,cdf,WNV cases
13,Fresno,2024-04-30,2024-06-01,1,0.399961,cdf,WNV cases
14,Fresno,2024-04-30,2024-06-01,2,0.552374,cdf,WNV cases
15,Fresno,2024-04-30,2024-06-01,3,0.688262,cdf,WNV cases
16,Fresno,2024-04-30,2024-06-01,4,0.781028,cdf,WNV cases
17,Fresno,2024-04-30,2024-06-01,5,0.894756,cdf,WNV cases
18,Fresno,2024-04-30,2024-06-01,6,1,cdf,WNV cases
19,Fresno,2024-04-30,2024-06-01,8,1,cdf,WNV cases
20,Fresno,2024-04-30,2024-06-01,10,1,cdf,WNV cases
21,Fresno,2024-04-30,2024-06-01,15,1,cdf,WNV cases
22,Fresno,2024-04-30,2024-06-01,200,1,cdf,WNV cases
23,Fresno,2024-04-30,2024-07-01,0,0.399961,cdf,WNV cases
24,Fresno,2024-04-30,2024-07-01,1,0.552374,cdf,WNV cases
25,Fresno,2024-04-30,2024-07-01,2,0.688262,cdf,WNV cases
26,Fresno,2024-04-30,2024-07-01,3,0.781028,cdf,WNV cases
27,Fresno,2024-04-30,2024-07-01,4,0.894756,cdf,WNV cases
28,Fresno,2024-04-30,2024-07-01,5,1,cdf,WNV cases
29,Fresno,2024-04-30,2024-07-01,6,1,cdf,WNV cases
30,Fresno,2024-04-30,2024-07-01,8,1,cdf,WNV cases
31,Fresno,2024-04-30,2024-07-01,10,1,cdf,WNV cases
32,Fresno,2024-04-30,2024-07-01,15,1,cdf,WNV cases
33,Fresno,2024-04-30,2024-07-01,200,1,cdf,WNV cases
34,Fresno,2024-04-30,2024-08-01,0,0.552374,cdf,WNV cases
35,Fresno,2024-04-30,2024-08-01,1,0.688262,cdf,WNV cases
36,Fresno,2024-04-30,2024-08-01,2,0.781028,cdf,WNV cases
37,Fresno,2024-04-30,2024-08-01,3,0.894756,cdf,WNV cases
38,Fresno,2024-04-30,2024-08-01,4,1,cdf,WNV cases
39,Fresno,2024-04-30,2024-08-01,5,1,cdf,WNV cases
40,Fresno,2024-04-30,2024-08-01,6,1,cdf,WNV cases
41,Fresno,2024-04-30,2024-08-01,8,1,cdf,WNV cases
42,Fresno,2024-04-30,2024-08-01,10,1,cdf,WNV cases
43,Fresno,2024-04-30,2024-08-01,15,1,cdf,WNV cases
44,Fresno,2024-04-30,2024-08-01,200,1,cdf,WNV cases
45,Fresno,2024-04-30,2024-09-01,0,0.688262,cdf,WNV cases
46,Fresno,2024-04-30,2024-09-01,1,0.781028,cdf,WNV cases
47,Fresno,2024-04-30,2024-09-01,2,0.894756,cdf,WNV cases
48,Fresno,2024-04-30,2024-09-01,3,1,cdf,WNV cases
49,Fresno,2024-04-30,2024-09-01,4,1,cdf,WNV cases
50,Fresno,2024-04-30,2024-09-01,5,1,cdf,WNV cases
51,Fresno,2024-04-30,2024-09-01,6,1,cdf,WNV cases
52,Fresno,2024-04-30,2024-09-01,8,1,cdf,WNV cases
53,Fresno,2024-04-30,2024-09-01,10,1,cdf,WNV cases
54,Fresno,2024-04-30,2024-09-01,15,1,cdf,WNV cases
55,Fresno,2024-04-30,2024-09-01,200,1,cdf,WNV cases
56,Fresno,2024-04-30,2024-10-01,0,0.781028,cdf,WNV cases
57,Fresno,2024-04-30,2024-10-01,1,0.894756,cdf,WNV cases
58,Fresno,2024-04-30,2024-10-01,2,1,cdf,WNV cases
59,Fresno,2024-04-30,2024-10-01,3,1,cdf,WNV cases
60,Fresno,2024-04-30,2024-10-01,4,1,cdf,WNV cases
61,Fresno,2024-04-30,2024-10-01,5,1,cdf,WNV cases
62,Fresno,2024-04-30,2024-10-01,6,1,cdf,WNV cases
63,Fresno,2024-04-30,2024-10-01,8,1,cdf,WNV cases
64,Fresno,2024-04-30,2024-10-01,10,1,cdf,WNV cases
65,Fresno,2024-04-30,2024-10-01,15,1,cdf,WNV cases
66,Fresno,2024-04-30,2024-10-01,200,1,cdf,WNV cases
67,Fresno,2024-04-30,2024-11-01,0,0.894756,cdf,WNV cases
68,Fresno,2024-04-30,2024-11-01,1,1,cdf,WNV cases
69,Fresno,2024-04-30,2024-11-01,2,1,cdf,WNV cases
70,Fresno,2024-04-30,2024-11-01,3,1,cdf,WNV cases
71,Fresno,2024-04-30,2024-11-01,4,1,cdf,WNV cases
72,Fresno,2024-04-30,2024-11-01,5,1,cdf,WNV cases
73,Fresno,2024-04-30,2024-11-01,6,1,cdf,WNV cases
74,Fresno,2024-04-30,2024-11-01,8,1,cdf,WNV cases
75,Fresno,2024-04-30,2024-11-01,10,1,cdf,WNV cases
76,Fresno,2024-04-30,2024-11-01,15,1,cdf,WNV cases
77,Fresno,2024-04-30,2024-11-01,200,1,cdf,WNV cases
78,Fresno,2024-04-30,2024-12-01,0,1,cdf,WNV cases
79,Fresno,2024-04-30,2024-12-01,1,1,cdf,WNV cases
80,Fresno,2024-04-30,2024-12-01,2,1,cdf,WNV cases
81,Fresno,2024-04-30,2024-12-01,3,1,cdf,WNV cases
82,Fresno,2024-04-30,2024-12-01,4,1,cdf,WNV cases
83,Fresno,2024-04-30,2024-12-01,5,1,cdf,WNV cases
84,Fresno,2024-04-30,2024-12-01,6,1,cdf,WNV cases
85,Fresno,2024-04-30,2024-12-01,8,1,cdf,WNV cases
86,Fresno,2024-04-30,2024-12-01,10,1,cdf,WNV cases
87,Fresno,2024-04-30,2024-12-01,15,1,cdf,WNV cases
88,Fresno,2024-04-30,2024-12-01,200,1,cdf,WNV cases
89,Kern,2024-04-30,2024-05-01,0,0.133195,cdf,WNV cases
90,Kern,2024-04-30,2024-05-01,1,0.249151,cdf,WNV cases
91,Kern,2024-04-30,2024-05-01,2,0.382829,cdf,WNV cases
92,Kern,2024-04-30,2024-05-01,3,0.51377,cdf,WNV cases
93,Kern,2024-04-30,2024-05-01,4,0.685364,cdf,WNV cases
94,Kern,2024-04-30,2024-05-01,5,0.799375,cdf,WNV cases
95,Kern,2024-04-30,2024-05-01,6,0.898417,cdf,WNV cases
96,Kern,2024-04-30,2024-05-01,8,1,cdf,WNV cases
97,Kern,2024-04-30,2024-05-01,10,1,cdf,WNV cases
98,Kern,2024-04-30,2024-05-01,15,1,cdf,WNV cases
99,Kern,2024-04-30,2024-05-01,200,1,cdf,WNV cases
100,Kern,2024-04-30,2024-06-01,0,0.249151,cdf,WNV cases
101,Kern,2024-04-30,2024-06-01,1,0.382829,cdf,WNV cases
102,Kern,2024-04-30,2024-06-01,2,0.51377,cdf,WNV cases
103,Kern,2024-04-30,2024-06-01,3,0.685364,cdf,WNV cases
104,Kern,2024-04-30,2024-06-01,4,0.799375,cdf,WNV cases
105,Kern,2024-04-30,2024-06-01,5,0.898417,cdf,WNV cases
106,Kern,2024-04-30,2024-06-01,6,1,cdf,WNV cases
107,Kern,2024-04-30,2024-06-01,8,1,cdf,WNV cases
108,Kern,2024-04-30,2024-06-01,10,1,cdf,WNV cases
109,Kern,2024-04-30,2024-06-01,15,1,cdf,WNV cases
110,Kern,2024-04-30,2024-06-01,200,1,cdf,WNV cases
111,Kern,2024-04-30,2024-07-01,0,0.382829,cdf,WNV cases
112,Kern,2024-04-30,2024-07-01,1,0.51377,cdf,WNV cases
113,Kern,2024-04-30,2024-07-01,2,0.685364,cdf,WNV cases
114,Kern,2024-04-30,2024-07-01,3,0.799375,cdf,WNV cases
115,Kern,2024-04-30,2024-07-01,4,0.898417,cdf,WNV cases
116,Kern,2024-04-30,2024-07-01,5,1,cdf,WNV cases
117,Kern,2024-04-30,2024-07-01,6,1,cdf,WNV cases
118,Kern,2024-04-30,2024-07-01,8,1,cdf,WNV cases
119,Kern,2024-04-30,2024-07-01,10,1,cdf,WNV cases
120,Kern,2024-04-30,2024-07-01,15,1,cdf,WNV cases
121,Kern,2024-04-30,2024-07-01,200,1,cdf,WNV cases
122,Kern,2024-04-30,2024-08-01,0,0.51377,cdf,WNV cases
123,Kern,2024-04-30,2024-08-01,1,0.685364,cdf,WNV cases
124,Kern,2024-04-30,2024-08-01,2,0.799375,cdf,WNV cases
125,Kern,2024-04-30,2024-08-01,3,0.898417,cdf,WNV cases
126,Kern,2024-04-30,2024-08-01,4,1,cdf,WNV cases
127,Kern,2024-04-30,2024-08-01,5,1,cdf,WNV cases
128,Kern,2024-04-30,2024-08-01,6,1,cdf,WNV cases
129,Kern,2024-04-30,2024-08-01,8,1,cdf,WNV cases
130,Kern,2024-04-30,2024-08-01,10,1,cdf,WNV cases
131,Kern,2024-04-30,2024-08-01,15,1,cdf,WNV cases
132,Kern,2024-04-30,2024-08-01,200,1,cdf,WNV cases
133,Kern,2024-04-30,2024-09-01,0,0.685364,cdf,WNV cases
134,Kern,2024-04-30,2024-09-01,1,0.799375,cdf,WNV cases
135,Kern,2024-04-30,2024-09-01,2,0.898417,cdf,WNV cases
136,Kern,2024-04-30,2024-09-01,3,1,cdf,WNV cases
137,Kern,2024-04-30,2024-09-01,4,1,cdf,WNV cases
138,Kern,2024-04-30,2024-09-01,5,1,cdf,WNV cases
139,Kern,2024-04-30,2024-09-01,6,1,cdf,WNV cases
140,Kern,2024-04-30,2024-09-01,8,1,cdf,WNV cases
141,Kern,2024-04-30,2024-09-01,10,1,cdf,WNV cases
142,Kern,2024-04-30,2024-09-01,15,1,cdf,WNV cases
143,Kern,2024-04-30,2024-09-01,200,1,cdf,WNV cases
144,Kern,2024-04-30,2024-10-01,0,0.799375,cdf,WNV cases
145,Kern,2024-04-30,2024-10-01,1,0.898417,cdf,WNV cases
146,Kern,2024-04-30,2024-10-01,2,1,cdf,WNV cases
147,Kern,2024-04-30,2024-10-01,3,1,cdf,WNV cases
148,Kern,2024-04-30,2024-10-01,4,1,cdf,WNV cases
149,Kern,2024-04-30,2024-10-01,5,1,cdf,WNV cases
150,Kern,2024-04-30,2024-10-01,6,1,cdf,WNV cases
151,Kern,2024-04-30,2024-10-01,8,1,cdf,WNV cases
152,Kern,2024-04-30,2024-10-01,10,1,cdf,WNV cases
153,Kern,2024-04-30,2024-10-01,15,1,cdf,WNV cases
154,Kern,2024-04-30,2024-10-01,200,1,cdf,WNV cases
155,Kern,2024-04-30,2024-11-01,0,0.898417,cdf,WNV cases
156,Kern,2024-04-30,2024-11-01,1,1,cdf,WNV cases
157,Kern,2024-04-30,2024-11-01,2,1,cdf,WNV cases
158,Kern,2024-04-30,2024-11-01,3,1,cdf,WNV cases
159,Kern,2024-04-30,2024-11-01,4,1,cdf,WNV cases
160,Kern,2024-04-30,2024-11-01,5,1,cdf,WNV cases
161,Kern,2024-04-30,2024-11-01,6,1,cdf,WNV cases
162,Kern,2024-04-30,2024-11-01,8,1,cdf,WNV cases
163,Kern,2024-04-30,2024-11-01,10,1,cdf,WNV cases
164,Kern,2024-04-30,2024-11-01,15,1,cdf,WNV cases
165,Kern,2024-04-30,2024-11-01,200,1,cdf,WNV cases
166,Kern,2024-04-30,2024-12-01,0,1,cdf,WNV cases
167,Kern,2024-04-30,2024-12-01,1,1,cdf,WNV cases
168,Kern,2024-04-30,2024-12-01,2,1,cdf,WNV cases
169,Kern,2024-04-30,2024-12-01,3,1,cdf,WNV cases
170,Kern,2024-04-30,2024-12-01,4,1,cdf,WNV cases
171,Kern,2024-04-30,2024-12-01,5,1,cdf,WNV cases
172,Kern,2024-04-30,2024-12-01,6,1,cdf,WNV cases
173,Kern,2024-04-30,2024-12-01,8,1,cdf,WNV cases
174,Kern,2024-04-30,2024-12-01,10,1,cdf,WNV cases
175,Kern,2024-04-30,2024-12-01,15,1,cdf,WNV cases
176,Kern,2024-04-30,2024-12-01,200,1,cdf,WNV cases
177,Los Angeles,2024-04-30,2024-05-01,0,0.090442,cdf,WNV cases
178,Los Angeles,2024-04-30,2024-05-01,1,0.167205,cdf,WNV cases
179,Los Angeles,2024-04-30,2024-05-01,2,0.240093,cdf,WNV cases
180,Los Angeles,2024-04-30,2024-05-01,3,0.404669,cdf,WNV cases
181,Los Angeles,2024-04-30,2024-05-01,4,0.658913,cdf,WNV cases
182,Los Angeles,2024-04-30,2024-05-01,5,0.825882,cdf,WNV cases
183,Los Angeles,2024-04-30,2024-05-01,6,0.932031,cdf,WNV cases
184,Los Angeles,2024-04-30,2024-05-01,8,1,cdf,WNV cases
185,Los Angeles,2024-04-30,2024-05-01,10,1,cdf,WNV cases
186,Los Angeles,2024-04-30,2024-05-01,15,1,cdf,WNV cases
187,Los Angeles,2024-04-30,2024-05-01,200,1,cdf,WNV cases
188,Los Angeles,2024-04-30,2024-06-01,0,0.167205,cdf,WNV cases
189,Los Angeles,2024-04-30,2024-06-01,1,0.240093,cdf,WNV cases
190,Los Angeles,2024-04-30,2024-06-01,2,0.404669,cdf,WNV cases
191,Los Angeles,2024-04-30,2024-06-01,3,0.658913,cdf,WNV cases
192,Los Angeles,2024-04-30,2024-06-01,4,0.825882,cdf,WNV cases
193,Los Angeles,2024-04-30,2024-06-01,5,0.932031,cdf,WNV cases
194,Los Angeles,2024-04-30,2024-06-01,6,1,cdf,WNV cases
195,Los Angeles,2024-04-30,2024-06-01,8,1,cdf,WNV cases
196,Los Angeles,2024-04-30,2024-06-01,10,1,cdf,WNV cases
197,Los Angeles,2024-04-30,2024-06-01,15,1,cdf,WNV cases
198,Los Angeles,2024-04-30,2024-06-01,200,1,cdf,WNV cases
199,Los Angeles,2024-04-30,2024-07-01,0,0.240093,cdf,WNV cases
200,Los Angeles,2024-04-30,2024-07-01,1,0.404669,cdf,WNV cases
201,Los Angeles,2024-04-30,2024-07-01,2,0.658913,cdf,WNV cases
202,Los Angeles,2024-04-30,2024-07-01,3,0.825882,cdf,WNV cases
203,Los Angeles,2024-04-30,2024-07-01,4,0.932031,cdf,WNV cases
204,Los Angeles,2024-04-30,2024-07-01,5,1,cdf,WNV cases
205,Los Angeles,2024-04-30,2024-07-01,6,1,cdf,WNV cases
206,Los Angeles,2024-04-30,2024-07-01,8,1,cdf,WNV cases
207,Los Angeles,2024-04-30,2024-07-01,10,1,cdf,WNV cases
208,Los Angeles,2024-04-30,2024-07-01,15,1,cdf,WNV cases
209,Los Angeles,2024-04-30,2024-07-01,200,1,cdf,WNV cases
210,Los Angeles,2024-04-30,2024-08-01,0,0.404669,cdf,WNV cases
211,Los Angeles,2024-04-30,2024-08-01,1,0.658913,cdf,WNV cases
212,Los Angeles,2024-04-30,2024-08-01,2,0.825882,cdf,WNV cases
213,Los Angeles,2024-04-30,2024-08-01,3,0.932031,cdf,WNV cases
214,Los Angeles,2024-04-30,2024-08-01,4,1,cdf,WNV cases
215,Los Angeles,2024-04-30,2024-08-01,5,1,cdf,WNV cases
216,Los Angeles,2024-04-30,2024-08-01,6,1,cdf,WNV cases
217,Los Angeles,2024-04-30,2024-08-01,8,1,cdf,WNV cases
218,Los Angeles,2024-04-30,2024-08-01,10,1,cdf,WNV cases
219,Los Angeles,2024-04-30,2024-08-01,15,1,cdf,WNV cases
220,Los Angeles,2024-04-30,2024-08-01,200,1,cdf,WNV cases
221,Los Angeles,2024-04-30,2024-09-01,0,0.658913,cdf,WNV cases
222,Los Angeles,2024-04-30,2024-09-01,1,0.825882,cdf,WNV cases
223,Los Angeles,2024-04-30,2024-09-01,2,0.932031,cdf,WNV cases
224,Los Angeles,2024-04-30,2024-09-01,3,1,cdf,WNV cases
225,Los Angeles,2024-04-30,2024-09-01,4,1,cdf,WNV cases
226,Los Angeles,2024-04-30,2024-09-01,5,1,cdf,WNV cases
227,Los Angeles,2024-04-30,2024-09-01,6,1,cdf,WNV cases
228,Los Angeles,2024-04-30,2024-09-01,8,1,cdf,WNV cases
229,Los Angeles,2024-04-30,2024-09-01,10,1,cdf,WNV cases
230,Los Angeles,2024-04-30,2024-09-01,15,1,cdf,WNV cases
231,Los Angeles,2024-04-30,2024-09-01,200,1,cdf,WNV cases
232,Los Angeles,2024-04-30,2024-10-01,0,0.825882,cdf,WNV cases
233,Los Angeles,2024-04-30,2024-10-01,1,0.932031,cdf,WNV cases
234,Los Angeles,2024-04-30,2024-10-01,2,1,cdf,WNV cases
235,Los Angeles,2024-04-30,2024-10-01,3,1,cdf,WNV cases
236,Los Angeles,2024-04-30,2024-10-01,4,1,cdf,WNV cases
237,Los Angeles,2024-04-30,2024-10-01,5,1,cdf,WNV cases
238,Los Angeles,2024-04-30,2024-10-01,6,1,cdf,WNV cases
239,Los Angeles,2024-04-30,2024-10-01,8,1,cdf,WNV cases
240,Los Angeles,2024-04-30,2024-10-01,10,1,cdf,WNV cases
241,Los Angeles,2024-04-30,2024-10-01,15,1,cdf,WNV cases
242,Los Angeles,2024-04-30,2024-10-01,200,1,cdf,WNV cases
243,Los Angeles,2024-04-30,2024-11-01,0,0.932031,cdf,WNV cases
244,Los Angeles,2024-04-30,2024-11-01,1,1,cdf,WNV cases
245,Los Angeles,2024-04-30,2024-11-01,2,1,cdf,WNV cases
246,Los Angeles,2024-04-30,2024-11-01,3,1,cdf,WNV cases
247,Los Angeles,2024-04-30,2024-11-01,4,1,cdf,WNV cases
248,Los Angeles,2024-04-30,2024-11-01,5,1,cdf,WNV cases
249,Los Angeles,2024-04-30,2024-11-01,6,1,cdf,WNV cases
250,Los Angeles,2024-04-30,2024-11-01,8,1,cdf,WNV cases
251,Los Angeles,2024-04-30,2024-11-01,10,1,cdf,WNV cases
252,Los Angeles,2024-04-30,2024-11-01,15,1,cdf,WNV cases
253,Los Angeles,2024-04-30,2024-11-01,200,1,cdf,WNV cases
254,Los Angeles,2024-04-30,2024-12-01,0,1,cdf,WNV cases
255,Los Angeles,2024-04-30,2024-12-01,1,1,cdf,WNV cases
256,Los Angeles,2024-04-30,2024-12-01,2,1,cdf,WNV cases
257,Los Angeles,2024-04-30,2024-12-01,3,1,cdf,WNV cases
258,Los Angeles,2024-04-30,2024-12-01,4,1,cdf,WNV cases
259,Los Angeles,2024-04-30,2024-12-01,5,1,cdf,WNV cases
260,Los Angeles,2024-04-30,2024-12-01,6,1,cdf,WNV cases
261,Los Angeles,2024-04-30,2024-12-01,8,1,cdf,WNV cases
262,Los Angeles,2024-04-30,2024-12-01,10,1,cdf,WNV cases
263,Los Angeles,2024-04-30,2024-12-01,15,1,cdf,WNV cases
264,Los Angeles,2024-04-30,2024-12-01,200,1,cdf,WNV cases
265,Merced,2024-04-30,2024-05-01,0,0.130891,cdf,WNV cases
266,Merced,2024-04-30,2024-05-01,1,0.235927,cdf,WNV cases
267,Merced,2024-04-30,2024-05-01,2,0.354211,cdf,WNV cases
268,Merced,2024-04-30,2024-05-01,3,0.47315,cdf,WNV cases
269,Merced,2024-04-30,2024-05-01,4,0.65432,cdf,WNV cases
270,Merced,2024-04-30,2024-05-01,5,0.784942,cdf,WNV cases
271,Merced,2024-04-30,2024-05-01,6,0.896292,cdf,WNV cases
272,Merced,2024-04-30,2024-05-01,8,1,cdf,WNV cases
273,Merced,2024-04-30,2024-05-01,10,1,cdf,WNV cases
274,Merced,2024-04-30,2024-05-01,15,1,cdf,WNV cases
275,Merced,2024-04-30,2024-05-01,200,1,cdf,WNV cases
276,Merced,2024-04-30,2024-06-01,0,0.235927,cdf,WNV cases
277,Merced,2024-04-30,2024-06-01,1,0.354211,cdf,WNV cases
278,Merced,2024-04-30,2024-06-01,2,0.47315,cdf,WNV cases
279,Merced,2024-04-30,2024-06-01,3,0.65432,cdf,WNV cases
280,Merced,2024-04-30,2024-06-01,4,0.784942,cdf,WNV cases
281,Merced,2024-04-30,2024-06-01,5,0.896292,cdf,WNV cases
282,Merced,2024-04-30,2024-06-01,6,1,cdf,WNV cases
283,Merced,2024-04-30,2024-06-01,8,1,cdf,WNV cases
284,Merced,2024-04-30,2024-06-01,10,1,cdf,WNV cases
285,Merced,2024-04-30,2024-06-01,15,1,cdf,WNV cases
286,Merced,2024-04-30,2024-06-01,200,1,cdf,WNV cases
287,Merced,2024-04-30,2024-07-01,0,0.354211,cdf,WNV cases
288,Merced,2024-04-30,2024-07-01,1,0.47315,cdf,WNV cases
289,Merced,2024-04-30,2024-07-01,2,0.65432,cdf,WNV cases
290,Merced,2024-04-30,2024-07-01,3,0.784942,cdf,WNV cases
291,Merced,2024-04-30,2024-07-01,4,0.896292,cdf,WNV cases
292,Merced,2024-04-30,2024-07-01,5,1,cdf,WNV cases
293,Merced,2024-04-30,2024-07-01,6,1,cdf,WNV cases
294,Merced,2024-04-30,2024-07-01,8,1,cdf,WNV cases
295,Merced,2024-04-30,2024-07-01,10,1,cdf,WNV cases
296,Merced,2024-04-30,2024-07-01,15,1,cdf,WNV cases
297,Merced,2024-04-30,2024-07-01,200,1,cdf,WNV cases
298,Merced,2024-04-30,2024-08-01,0,0.47315,cdf,WNV cases
299,Merced,2024-04-30,2024-08-01,1,0.65432,cdf,WNV cases
300,Merced,2024-04-30,2024-08-01,2,0.784942,cdf,WNV cases
301,Merced,2024-04-30,2024-08-01,3,0.896292,cdf,WNV cases
302,Merced,2024-04-30,2024-08-01,4,1,cdf,WNV cases
303,Merced,2024-04-30,2024-08-01,5,1,cdf,WNV cases
304,Merced,2024-04-30,2024-08-01,6,1,cdf,WNV cases
305,Merced,2024-04-30,2024-08-01,8,1,cdf,WNV cases
306,Merced,2024-04-30,2024-08-01,10,1,cdf,WNV cases
307,Merced,2024-04-30,2024-08-01,15,1,cdf,WNV cases
308,Merced,2024-04-30,2024-08-01,200,1,cdf,WNV cases
309,Merced,2024-04-30,2024-09-01,0,0.65432,cdf,WNV cases
310,Merced,2024-04-30,2024-09-01,1,0.784942,cdf,WNV cases
311,Merced,2024-04-30,2024-09-01,2,0.896292,cdf,WNV cases
312,Merced,2024-04-30,2024-09-01,3,1,cdf,WNV cases
313,Merced,2024-04-30,2024-09-01,4,1,cdf,WNV cases
314,Merced,2024-04-30,2024-09-01,5,1,cdf,WNV cases
315,Merced,2024-04-30,2024-09-01,6,1,cdf,WNV cases
316,Merced,2024-04-30,2024-09-01,8,1,cdf,WNV cases
317,Merced,2024-04-30,2024-09-01,10,1,cdf,WNV cases
318,Merced,2024-04-30,2024-09-01,15,1,cdf,WNV cases
319,Merced,2024-04-30,2024-09-01,200,1,cdf,WNV cases
320,Merced,2024-04-30,2024-10-01,0,0.784942,cdf,WNV cases
321,Merced,2024-04-30,2024-10-01,1,0.896292,cdf,WNV cases
322,Merced,2024-04-30,2024-10-01,2,1,cdf,WNV cases
323,Merced,2024-04-30,2024-10-01,3,1,cdf,WNV cases
324,Merced,2024-04-30,2024-10-01,4,1,cdf,WNV cases
325,Merced,2024-04-30,2024-10-01,5,1,cdf,WNV cases
326,Merced,2024-04-30,2024-10-01,6,1,cdf,WNV cases
327,Merced,2024-04-30,2024-10-01,8,1,cdf,WNV cases
328,Merced,2024-04-30,2024-10-01,10,1,cdf,WNV cases
329,Merced,2024-04-30,2024-10-01,15,1,cdf,WNV cases
330,Merced,2024-04-30,2024-10-01,200,1,cdf,WNV cases
331,Merced,2024-04-30,2024-11-01,0,0.896292,cdf,WNV cases
332,Merced,2024-04-30,2024-11-01,1,1,cdf,WNV cases
333,Merced,2024-04-30,2024-11-01,2,1,cdf,WNV cases
334,Merced,2024-04-30,2024-11-01,3,1,cdf,WNV cases
335,Merced,2024-04-30,2024-11-01,4,1,cdf,WNV cases
336,Merced,2024-04-30,2024-11-01,5,1,cdf,WNV cases
337,Merced,2024-04-30,2024-11-01,6,1,cdf,WNV cases
338,Merced,2024-04-30,2024-11-01,8,1,cdf,WNV cases
339,Merced,2024-04-30,2024-11-01,10,1,cdf,WNV cases
340,Merced,2024-04-30,2024-11-01,15,1,cdf,WNV cases
341,Merced,2024-04-30,2024-11-01,200,1,cdf,WNV cases
342,Merced,2024-04-30,2024-12-01,0,1,cdf,WNV cases
343,Merced,2024-04-30,2024-12-01,1,1,cdf,WNV cases
344,Merced,2024-04-30,2024-12-01,2,1,cdf,WNV cases
345,Merced,2024-04-30,2024-12-01,3,1,cdf,WNV cases
346,Merced,2024-04-30,2024-12-01,4,1,cdf,WNV cases
347,Merced,2024-04-30,2024-12-01,5,1,cdf,WNV cases
348,Merced,2024-04-30,2024-12-01,6,1,cdf,WNV cases
349,Merced,2024-04-30,2024-12-01,8,1,cdf,WNV cases
350,Merced,2024-04-30,2024-12-01,10,1,cdf,WNV cases
351,Merced,2024-04-30,2024-12-01,15,1,cdf,WNV cases
352,Merced,2024-04-30,2024-12-01,200,1,cdf,WNV cases
353,Orange,2024-04-30,2024-05-01,0,0.130943,cdf,WNV cases
354,Orange,2024-04-30,2024-05-01,1,0.251933,cdf,WNV cases
355,Orange,2024-04-30,2024-05-01,2,0.359827,cdf,WNV cases
356,Orange,2024-04-30,2024-05-01,3,0.543308,cdf,WNV cases
357,Orange,2024-04-30,2024-05-01,4,0.693479,cdf,WNV cases
358,Orange,2024-04-30,2024-05-01,5,0.822989,cdf,WNV cases
359,Orange,2024-04-30,2024-05-01,6,0.904036,cdf,WNV cases
360,Orange,2024-04-30,2024-05-01,8,1,cdf,WNV cases
361,Orange,2024-04-30,2024-05-01,10,1,cdf,WNV cases
362,Orange,2024-04-30,2024-05-01,15,1,cdf,WNV cases
363,Orange,2024-04-30,2024-05-01,200,1,cdf,WNV cases
364,Orange,2024-04-30,2024-06-01,0,0.251933,cdf,WNV cases
365,Orange,2024-04-30,2024-06-01,1,0.359827,cdf,WNV cases
366,Orange,2024-04-30,2024-06-01,2,0.543308,cdf,WNV cases
367,Orange,2024-04-30,2024-06-01,3,0.693479,cdf,WNV cases
368,Orange,2024-04-30,2024-06-01,4,0.822989,cdf,WNV cases
369,Orange,2024-04-30,2024-06-01,5,0.904036,cdf,WNV cases
370,Orange,2024-04-30,2024-06-01,6,1,cdf,WNV cases
371,Orange,2024-04-30,2024-06-01,8,1,cdf,WNV cases
372,Orange,2024-04-30,2024-06-01,10,1,cdf,WNV cases
373,Orange,2024-04-30,2024-06-01,15,1,cdf,WNV cases
374,Orange,2024-04-30,2024-06-01,200,1,cdf,WNV cases
375,Orange,2024-04-30,2024-07-01,0,0.359827,cdf,WNV cases
376,Orange,2024-04-30,2024-07-01,1,0.543308,cdf,WNV cases
377,Orange,2024-04-30,2024-07-01,2,0.693479,cdf,WNV cases
378,Orange,2024-04-30,2024-07-01,3,0.822989,cdf,WNV cases
379,Orange,2024-04-30,2024-07-01,4,0.904036,cdf,WNV cases
380,Orange,2024-04-30,2024-07-01,5,1,cdf,WNV cases
381,Orange,2024-04-30,2024-07-01,6,1,cdf,WNV cases
382,Orange,2024-04-30,2024-07-01,8,1,cdf,WNV cases
383,Orange,2024-04-30,2024-07-01,10,1,cdf,WNV cases
384,Orange,2024-04-30,2024-07-01,15,1,cdf,WNV cases
385,Orange,2024-04-30,2024-07-01,200,1,cdf,WNV cases
386,Orange,2024-04-30,2024-08-01,0,0.543308,cdf,WNV cases
387,Orange,2024-04-30,2024-08-01,1,0.693479,cdf,WNV cases
388,Orange,2024-04-30,2024-08-01,2,0.822989,cdf,WNV cases
389,Orange,2024-04-30,2024-08-01,3,0.904036,cdf,WNV cases
390,Orange,2024-04-30,2024-08-01,4,1,cdf,WNV cases
391,Orange,2024-04-30,2024-08-01,5,1,cdf,WNV cases
392,Orange,2024-04-30,2024-08-01,6,1,cdf,WNV cases
393,Orange,2024-04-30,2024-08-01,8,1,cdf,WNV cases
394,Orange,2024-04-30,2024-08-01,10,1,cdf,WNV cases
395,Orange,2024-04-30,2024-08-01,15,1,cdf,WNV cases
396,Orange,2024-04-30,2024-08-01,200,1,cdf,WNV cases
397,Orange,2024-04-30,2024-09-01,0,0.693479,cdf,WNV cases
398,Orange,2024-04-30,2024-09-01,1,0.822989,cdf,WNV cases
399,Orange,2024-04-30,2024-09-01,2,0.904036,cdf,WNV cases
400,Orange,2024-04-30,2024-09-01,3,1,cdf,WNV cases
401,Orange,2024-04-30,2024-09-01,4,1,cdf,WNV cases
402,Orange,2024-04-30,2024-09-01,5,1,cdf,WNV cases
403,Orange,2024-04-30,2024-09-01,6,1,cdf,WNV cases
404,Orange,2024-04-30,2024-09-01,8,1,cdf,WNV cases
405,Orange,2024-04-30,2024-09-01,10,1,cdf,WNV cases
406,Orange,2024-04-30,2024-09-01,15,1,cdf,WNV cases
407,Orange,2024-04-30,2024-09-01,200,1,cdf,WNV cases
408,Orange,2024-04-30,2024-10-01,0,0.822989,cdf,WNV cases
409,Orange,2024-04-30,2024-10-01,1,0.904036,cdf,WNV cases
410,Orange,2024-04-30,2024-10-01,2,1,cdf,WNV cases
411,Orange,2024-04-30,2024-10-01,3,1,cdf,WNV cases
412,Orange,2024-04-30,2024-10-01,4,1,cdf,WNV cases
413,Orange,2024-04-30,2024-10-01,5,1,cdf,WNV cases
414,Orange,2024-04-30,2024-10-01,6,1,cdf,WNV cases
415,Orange,2024-04-30,2024-10-01,8,1,cdf,WNV cases
416,Orange,2024-04-30,2024-10-01,10,1,cdf,WNV cases
417,Orange,2024-04-30,2024-10-01,15,1,cdf,WNV cases
418,Orange,2024-04-30,2024-10-01,200,1,cdf,WNV cases
419,Orange,2024-04-30,2024-11-01,0,0.904036,cdf,WNV cases
420,Orange,2024-04-30,2024-11-01,1,1,cdf,WNV cases
421,Orange,2024-04-30,2024-11-01,2,1,cdf,WNV cases
422,Orange,2024-04-30,2024-11-01,3,1,cdf,WNV cases
423,Orange,2024-04-30,2024-11-01,4,1,cdf,WNV cases
424,Orange,2024-04-30,2024-11-01,5,1,cdf,WNV cases
425,Orange,2024-04-30,2024-11-01,6,1,cdf,WNV cases
426,Orange,2024-04-30,2024-11-01,8,1,cdf,WNV cases
427,Orange,2024-04-30,2024-11-01,10,1,cdf,WNV cases
428,Orange,2024-04-30,2024-11-01,15,1,cdf,WNV cases
429,Orange,2024-04-30,2024-11-01,200,1,cdf,WNV cases
430,Orange,2024-04-30,2024-12-01,0,1,cdf,WNV cases
431,Orange,2024-04-30,2024-12-01,1,1,cdf,WNV cases
432,Orange,2024-04-30,2024-12-01,2,1,cdf,WNV cases
433,Orange,2024-04-30,2024-12-01,3,1,cdf,WNV cases
434,Orange,2024-04-30,2024-12-01,4,1,cdf,WNV cases
435,Orange,2024-04-30,2024-12-01,5,1,cdf,WNV cases
436,Orange,2024-04-30,2024-12-01,6,1,cdf,WNV cases
437,Orange,2024-04-30,2024-12-01,8,1,cdf,WNV cases
438,Orange,2024-04-30,2024-12-01,10,1,cdf,WNV cases
439,Orange,2024-04-30,2024-12-01,15,1,cdf,WNV cases
440,Orange,2024-04-30,2024-12-01,200,1,cdf,WNV cases
441,Placer,2024-04-30,2024-05-01,0,0.139794,cdf,WNV cases
442,Placer,2024-04-30,2024-05-01,1,0.281371,cdf,WNV cases
443,Placer,2024-04-30,2024-05-01,2,0.433686,cdf,WNV cases
444,Placer,2024-04-30,2024-05-01,3,0.605683,cdf,WNV cases
445,Placer,2024-04-30,2024-05-01,4,0.705318,cdf,WNV cases
446,Placer,2024-04-30,2024-05-01,5,0.788658,cdf,WNV cases
447,Placer,2024-04-30,2024-05-01,6,0.895644,cdf,WNV cases
448,Placer,2024-04-30,2024-05-01,8,1,cdf,WNV cases
449,Placer,2024-04-30,2024-05-01,10,1,cdf,WNV cases
450,Placer,2024-04-30,2024-05-01,15,1,cdf,WNV cases
451,Placer,2024-04-30,2024-05-01,200,1,cdf,WNV cases
452,Placer,2024-04-30,2024-06-01,0,0.281371,cdf,WNV cases
453,Placer,2024-04-30,2024-06-01,1,0.433686,cdf,WNV cases
454,Placer,2024-04-30,2024-06-01,2,0.605683,cdf,WNV cases
455,Placer,2024-04-30,2024-06-01,3,0.705318,cdf,WNV cases
456,Placer,2024-04-30,2024-06-01,4,0.788658,cdf,WNV cases
457,Placer,2024-04-30,2024-06-01,5,0.895644,cdf,WNV cases
458,Placer,2024-04-30,2024-06-01,6,1,cdf,WNV cases
459,Placer,2024-04-30,2024-06-01,8,1,cdf,WNV cases
460,Placer,2024-04-30,2024-06-01,10,1,cdf,WNV cases
461,Placer,2024-04-30,2024-06-01,15,1,cdf,WNV cases
462,Placer,2024-04-30,2024-06-01,200,1,cdf,WNV cases
463,Placer,2024-04-30,2024-07-01,0,0.433686,cdf,WNV cases
464,Placer,2024-04-30,2024-07-01,1,0.605683,cdf,WNV cases
465,Placer,2024-04-30,2024-07-01,2,0.705318,cdf,WNV cases
466,Placer,2024-04-30,2024-07-01,3,0.788658,cdf,WNV cases
467,Placer,2024-04-30,2024-07-01,4,0.895644,cdf,WNV cases
468,Placer,2024-04-30,2024-07-01,5,1,cdf,WNV cases
469,Placer,2024-04-30,2024-07-01,6,1,cdf,WNV cases
470,Placer,2024-04-30,2024-07-01,8,1,cdf,WNV cases
471,Placer,2024-04-30,2024-07-01,10,1,cdf,WNV cases
472,Placer,2024-04-30,2024-07-01,15,1,cdf,WNV cases
473,Placer,2024-04-30,2024-07-01,200,1,cdf,WNV cases
474,Placer,2024-04-30,2024-08-01,0,0.605683,cdf,WNV cases
475,Placer,2024-04-30,2024-08-01,1,0.705318,cdf,WNV cases
476,Placer,2024-04-30,2024-08-01,2,0.788658,cdf,WNV cases
477,Placer,2024-04-30,2024-08-01,3,0.895644,cdf,WNV cases
478,Placer,2024-04-30,2024-08-01,4,1,cdf,WNV cases
479,Placer,2024-04-30,2024-08-01,5,1,cdf,WNV cases
480,Placer,2024-04-30,2024-08-01,6,1,cdf,WNV cases
481,Placer,2024-04-30,2024-08-01,8,1,cdf,WNV cases
482,Placer,2024-04-30,2024-08-01,10,1,cdf,WNV cases
483,Placer,2024-04-30,2024-08-01,15,1,cdf,WNV cases
484,Placer,2024-04-30,2024-08-01,200,1,cdf,WNV cases
485,Placer,2024-04-30,2024-09-01,0,0.705318,cdf,WNV cases
486,Placer,2024-04-30,2024-09-01,1,0.788658,cdf,WNV cases
487,Placer,2024-04-30,2024-09-01,2,0.895644,cdf,WNV cases
488,Placer,2024-04-30,2024-09-01,3,1,cdf,WNV cases
489,Placer,2024-04-30,2024-09-01,4,1,cdf,WNV cases
490,Placer,2024-04-30,2024-09-01,5,1,cdf,WNV cases
491,Placer,2024-04-30,2024-09-01,6,1,cdf,WNV cases
492,Placer,2024-04-30,2024-09-01,8,1,cdf,WNV cases
493,Placer,2024-04-30,2024-09-01,10,1,cdf,WNV cases
494,Placer,2024-04-30,2024-09-01,15,1,cdf,WNV cases
495,Placer,2024-04-30,2024-09-01,200,1,cdf,WNV cases
496,Placer,2024-04-30,2024-10-01,0,0.788658,cdf,WNV cases
497,Placer,2024-04-30,2024-10-01,1,0.895644,cdf,WNV cases
498,Placer,2024-04-30,2024-10-01,2,1,cdf,WNV cases
499,Placer,2024-04-30,2024-10-01,3,1,cdf,WNV cases
500,Placer,2024-04-30,2024-10-01,4,1,cdf,WNV cases
501,Placer,2024-04-30,2024-10-01,5,1,cdf,WNV cases
502,Placer,2024-04-30,2024-10-01,6,1,cdf,WNV cases
503,Placer,2024-04-30,2024-10-01,8,1,cdf,WNV cases
504,Placer,2024-04-30,2024-10-01,10,1,cdf,WNV cases
505,Placer,2024-04-30,2024-10-01,15,1,cdf,WNV cases
506,Placer,2024-04-30,2024-10-01,200,1,cdf,WNV cases
507,Placer,2024-04-30,2024-11-01,0,0.895644,cdf,WNV cases
508,Placer,2024-04-30,2024-11-01,1,1,cdf,WNV cases
509,Placer,2024-04-30,2024-11-01,2,1,cdf,WNV cases
510,Placer,2024-04-30,2024-11-01,3,1,cdf,WNV cases
511,Placer,2024-04-30,2024-11-01,4,1,cdf,WNV cases
512,Placer,2024-04-30,2024-11-01,5,1,cdf,WNV cases
513,Placer,2024-04-30,2024-11-01,6,1,cdf,WNV cases
514,Placer,2024-04-30,2024-11-01,8,1,cdf,WNV cases
515,Placer,2024-04-30,2024-11-01,10,1,cdf,WNV cases
516,Placer,2024-04-30,2024-11-01,15,1,cdf,WNV cases
517,Placer,2024-04-30,2024-11-01,200,1,cdf,WNV cases
518,Placer,2024-04-30,2024-12-01,0,1,cdf,WNV cases
519,Placer,2024-04-30,2024-12-01,1,1,cdf,WNV cases
520,Placer,2024-04-30,2024-12-01,2,1,cdf,WNV cases
521,Placer,2024-04-30,2024-12-01,3,1,cdf,WNV cases
522,Placer,2024-04-30,2024-12-01,4,1,cdf,WNV cases
523,Placer,2024-04-30,2024-12-01,5,1,cdf,WNV cases
524,Placer,2024-04-30,2024-12-01,6,1,cdf,WNV cases
525,Placer,2024-04-30,2024-12-01,8,1,cdf,WNV cases
526,Placer,2024-04-30,2024-12-01,10,1,cdf,WNV cases
527,Placer,2024-04-30,2024-12-01,15,1,cdf,WNV cases
528,Placer,2024-04-30,2024-12-01,200,1,cdf,WNV cases
529,Riverside,2024-04-30,2024-05-01,0,0.115465,cdf,WNV cases
530,Riverside,2024-04-30,2024-05-01,1,0.198835,cdf,WNV cases
531,Riverside,2024-04-30,2024-05-01,2,0.304279,cdf,WNV cases
532,Riverside,2024-04-30,2024-05-01,3,0.497184,cdf,WNV cases
533,Riverside,2024-04-30,2024-05-01,4,0.694877,cdf,WNV cases
534,Riverside,2024-04-30,2024-05-01,5,0.833904,cdf,WNV cases
535,Riverside,2024-04-30,2024-05-01,6,0.91949,cdf,WNV cases
536,Riverside,2024-04-30,2024-05-01,8,1,cdf,WNV cases
537,Riverside,2024-04-30,2024-05-01,10,1,cdf,WNV cases
538,Riverside,2024-04-30,2024-05-01,15,1,cdf,WNV cases
539,Riverside,2024-04-30,2024-05-01,200,1,cdf,WNV cases
540,Riverside,2024-04-30,2024-06-01,0,0.198835,cdf,WNV cases
541,Riverside,2024-04-30,2024-06-01,1,0.304279,cdf,WNV cases
542,Riverside,2024-04-30,2024-06-01,2,0.497184,cdf,WNV cases
543,Riverside,2024-04-30,2024-06-01,3,0.694877,cdf,WNV cases
544,Riverside,2024-04-30,2024-06-01,4,0.833904,cdf,WNV cases
545,Riverside,2024-04-30,2024-06-01,5,0.91949,cdf,WNV cases
546,Riverside,2024-04-30,2024-06-01,6,1,cdf,WNV cases
547,Riverside,2024-04-30,2024-06-01,8,1,cdf,WNV cases
548,Riverside,2024-04-30,2024-06-01,10,1,cdf,WNV cases
549,Riverside,2024-04-30,2024-06-01,15,1,cdf,WNV cases
550,Riverside,2024-04-30,2024-06-01,200,1,cdf,WNV cases
551,Riverside,2024-04-30,2024-07-01,0,0.304279,cdf,WNV cases
552,Riverside,2024-04-30,2024-07-01,1,0.497184,cdf,WNV cases
553,Riverside,2024-04-30,2024-07-01,2,0.694877,cdf,WNV cases
554,Riverside,2024-04-30,2024-07-01,3,0.833904,cdf,WNV cases
555,Riverside,2024-04-30,2024-07-01,4,0.91949,cdf,WNV cases
556,Riverside,2024-04-30,2024-07-01,5,1,cdf,WNV cases
557,Riverside,2024-04-30,2024-07-01,6,1,cdf,WNV cases
558,Riverside,2024-04-30,2024-07-01,8,1,cdf,WNV cases
559,Riverside,2024-04-30,2024-07-01,10,1,cdf,WNV cases
560,Riverside,2024-04-30,2024-07-01,15,1,cdf,WNV cases
561,Riverside,2024-04-30,2024-07-01,200,1,cdf,WNV cases
562,Riverside,2024-04-30,2024-08-01,0,0.497184,cdf,WNV cases
563,Riverside,2024-04-30,2024-08-01,1,0.694877,cdf,WNV cases
564,Riverside,2024-04-30,2024-08-01,2,0.833904,cdf,WNV cases
565,Riverside,2024-04-30,2024-08-01,3,0.91949,cdf,WNV cases
566,Riverside,2024-04-30,2024-08-01,4,1,cdf,WNV cases
567,Riverside,2024-04-30,2024-08-01,5,1,cdf,WNV cases
568,Riverside,2024-04-30,2024-08-01,6,1,cdf,WNV cases
569,Riverside,2024-04-30,2024-08-01,8,1,cdf,WNV cases
570,Riverside,2024-04-30,2024-08-01,10,1,cdf,WNV cases
571,Riverside,2024-04-30,2024-08-01,15,1,cdf,WNV cases
572,Riverside,2024-04-30,2024-08-01,200,1,cdf,WNV cases
573,Riverside,2024-04-30,2024-09-01,0,0.694877,cdf,WNV cases
574,Riverside,2024-04-30,2024-09-01,1,0.833904,cdf,WNV cases
575,Riverside,2024-04-30,2024-09-01,2,0.91949,cdf,WNV cases
576,Riverside,2024-04-30,2024-09-01,3,1,cdf,WNV cases
577,Riverside,2024-04-30,2024-09-01,4,1,cdf,WNV cases
578,Riverside,2024-04-30,2024-09-01,5,1,cdf,WNV cases
579,Riverside,2024-04-30,2024-09-01,6,1,cdf,WNV cases
580,Riverside,2024-04-30,2024-09-01,8,1,cdf,WNV cases
581,Riverside,2024-04-30,2024-09-01,10,1,cdf,WNV cases
582,Riverside,2024-04-30,2024-09-01,15,1,cdf,WNV cases
583,Riverside,2024-04-30,2024-09-01,200,1,cdf,WNV cases
584,Riverside,2024-04-30,2024-10-01,0,0.833904,cdf,WNV cases
585,Riverside,2024-04-30,2024-10-01,1,0.91949,cdf,WNV cases
586,Riverside,2024-04-30,2024-10-01,2,1,cdf,WNV cases
587,Riverside,2024-04-30,2024-10-01,3,1,cdf,WNV cases
588,Riverside,2024-04-30,2024-10-01,4,1,cdf,WNV cases
589,Riverside,2024-04-30,2024-10-01,5,1,cdf,WNV cases
590,Riverside,2024-04-30,2024-10-01,6,1,cdf,WNV cases
591,Riverside,2024-04-30,2024-10-01,8,1,cdf,WNV cases
592,Riverside,2024-04-30,2024-10-01,10,1,cdf,WNV cases
593,Riverside,2024-04-30,2024-10-01,15,1,cdf,WNV cases
594,Riverside,2024-04-30,2024-10-01,200,1,cdf,WNV cases
595,Riverside,2024-04-30,2024-11-01,0,0.91949,cdf,WNV cases
596,Riverside,2024-04-30,2024-11-01,1,1,cdf,WNV cases
597,Riverside,2024-04-30,2024-11-01,2,1,cdf,WNV cases
598,Riverside,2024-04-30,2024-11-01,3,1,cdf,WNV cases
599,Riverside,2024-04-30,2024-11-01,4,1,cdf,WNV cases
600,Riverside,2024-04-30,2024-11-01,5,1,cdf,WNV cases
601,Riverside,2024-04-30,2024-11-01,6,1,cdf,WNV cases
602,Riverside,2024-04-30,2024-11-01,8,1,cdf,WNV cases
603,Riverside,2024-04-30,2024-11-01,10,1,cdf,WNV cases
604,Riverside,2024-04-30,2024-11-01,15,1,cdf,WNV cases
605,Riverside,2024-04-30,2024-11-01,200,1,cdf,WNV cases
606,Riverside,2024-04-30,2024-12-01,0,1,cdf,WNV cases
607,Riverside,2024-04-30,2024-12-01,1,1,cdf,WNV cases
608,Riverside,2024-04-30,2024-12-01,2,1,cdf,WNV cases
609,Riverside,2024-04-30,2024-12-01,3,1,cdf,WNV cases
610,Riverside,2024-04-30,2024-12-01,4,1,cdf,WNV cases
611,Riverside,2024-04-30,2024-12-01,5,1,cdf,WNV cases
612,Riverside,2024-04-30,2024-12-01,6,1,cdf,WNV cases
613,Riverside,2024-04-30,2024-12-01,8,1,cdf,WNV cases
614,Riverside,2024-04-30,2024-12-01,10,1,cdf,WNV cases
615,Riverside,2024-04-30,2024-12-01,15,1,cdf,WNV cases
616,Riverside,2024-04-30,2024-12-01,200,1,cdf,WNV cases
617,Sacramento,2024-04-30,2024-05-01,0,0.11153,cdf,WNV cases
618,Sacramento,2024-04-30,2024-05-01,1,0.225857,cdf,WNV cases
619,Sacramento,2024-04-30,2024-05-01,2,0.453719,cdf,WNV cases
620,Sacramento,2024-04-30,2024-05-01,3,0.647423,cdf,WNV cases
621,Sacramento,2024-04-30,2024-05-01,4,0.754808,cdf,WNV cases
622,Sacramento,2024-04-30,2024-05-01,5,0.830933,cdf,WNV cases
623,Sacramento,2024-04-30,2024-05-01,6,0.915817,cdf,WNV cases
624,Sacramento,2024-04-30,2024-05-01,8,1,cdf,WNV cases
625,Sacramento,2024-04-30,2024-05-01,10,1,cdf,WNV cases
626,Sacramento,2024-04-30,2024-05-01,15,1,cdf,WNV cases
627,Sacramento,2024-04-30,2024-05-01,200,1,cdf,WNV cases
628,Sacramento,2024-04-30,2024-06-01,0,0.225857,cdf,WNV cases
629,Sacramento,2024-04-30,2024-06-01,1,0.453719,cdf,WNV cases
630,Sacramento,2024-04-30,2024-06-01,2,0.647423,cdf,WNV cases
631,Sacramento,2024-04-30,2024-06-01,3,0.754808,cdf,WNV cases
632,Sacramento,2024-04-30,2024-06-01,4,0.830933,cdf,WNV cases
633,Sacramento,2024-04-30,2024-06-01,5,0.915817,cdf,WNV cases
634,Sacramento,2024-04-30,2024-06-01,6,1,cdf,WNV cases
635,Sacramento,2024-04-30,2024-06-01,8,1,cdf,WNV cases
636,Sacramento,2024-04-30,2024-06-01,10,1,cdf,WNV cases
637,Sacramento,2024-04-30,2024-06-01,15,1,cdf,WNV cases
638,Sacramento,2024-04-30,2024-06-01,200,1,cdf,WNV cases
639,Sacramento,2024-04-30,2024-07-01,0,0.453719,cdf,WNV cases
640,Sacramento,2024-04-30,2024-07-01,1,0.647423,cdf,WNV cases
641,Sacramento,2024-04-30,2024-07-01,2,0.754808,cdf,WNV cases
642,Sacramento,2024-04-30,2024-07-01,3,0.830933,cdf,WNV cases
643,Sacramento,2024-04-30,2024-07-01,4,0.915817,cdf,WNV cases
644,Sacramento,2024-04-30,2024-07-01,5,1,cdf,WNV cases
645,Sacramento,2024-04-30,2024-07-01,6,1,cdf,WNV cases
646,Sacramento,2024-04-30,2024-07-01,8,1,cdf,WNV cases
647,Sacramento,2024-04-30,2024-07-01,10,1,cdf,WNV cases
648,Sacramento,2024-04-30,2024-07-01,15,1,cdf,WNV cases
649,Sacramento,2024-04-30,2024-07-01,200,1,cdf,WNV cases
650,Sacramento,2024-04-30,2024-08-01,0,0.647423,cdf,WNV cases
651,Sacramento,2024-04-30,2024-08-01,1,0.754808,cdf,WNV cases
652,Sacramento,2024-04-30,2024-08-01,2,0.830933,cdf,WNV cases
653,Sacramento,2024-04-30,2024-08-01,3,0.915817,cdf,WNV cases
654,Sacramento,2024-04-30,2024-08-01,4,1,cdf,WNV cases
655,Sacramento,2024-04-30,2024-08-01,5,1,cdf,WNV cases
656,Sacramento,2024-04-30,2024-08-01,6,1,cdf,WNV cases
657,Sacramento,2024-04-30,2024-08-01,8,1,cdf,WNV cases
658,Sacramento,2024-04-30,2024-08-01,10,1,cdf,WNV cases
659,Sacramento,2024-04-30,2024-08-01,15,1,cdf,WNV cases
660,Sacramento,2024-04-30,2024-08-01,200,1,cdf,WNV cases
661,Sacramento,2024-04-30,2024-09-01,0,0.754808,cdf,WNV cases
662,Sacramento,2024-04-30,2024-09-01,1,0.830933,cdf,WNV cases
663,Sacramento,2024-04-30,2024-09-01,2,0.915817,cdf,WNV cases
664,Sacramento,2024-04-30,2024-09-01,3,1,cdf,WNV cases
665,Sacramento,2024-04-30,2024-09-01,4,1,cdf,WNV cases
666,Sacramento,2024-04-30,2024-09-01,5,1,cdf,WNV cases
667,Sacramento,2024-04-30,2024-09-01,6,1,cdf,WNV cases
668,Sacramento,2024-04-30,2024-09-01,8,1,cdf,WNV cases
669,Sacramento,2024-04-30,2024-09-01,10,1,cdf,WNV cases
670,Sacramento,2024-04-30,2024-09-01,15,1,cdf,WNV cases
671,Sacramento,2024-04-30,2024-09-01,200,1,cdf,WNV cases
672,Sacramento,2024-04-30,2024-10-01,0,0.830933,cdf,WNV cases
673,Sacramento,2024-04-30,2024-10-01,1,0.915817,cdf,WNV cases
674,Sacramento,2024-04-30,2024-10-01,2,1,cdf,WNV cases
675,Sacramento,2024-04-30,2024-10-01,3,1,cdf,WNV cases
676,Sacramento,2024-04-30,2024-10-01,4,1,cdf,WNV cases
677,Sacramento,2024-04-30,2024-10-01,5,1,cdf,WNV cases
678,Sacramento,2024-04-30,2024-10-01,6,1,cdf,WNV cases
679,Sacramento,2024-04-30,2024-10-01,8,1,cdf,WNV cases
680,Sacramento,2024-04-30,2024-10-01,10,1,cdf,WNV cases
681,Sacramento,2024-04-30,2024-10-01,15,1,cdf,WNV cases
682,Sacramento,2024-04-30,2024-10-01,200,1,cdf,WNV cases
683,Sacramento,2024-04-30,2024-11-01,0,0.915817,cdf,WNV cases
684,Sacramento,2024-04-30,2024-11-01,1,1,cdf,WNV cases
685,Sacramento,2024-04-30,2024-11-01,2,1,cdf,WNV cases
686,Sacramento,2024-04-30,2024-11-01,3,1,cdf,WNV cases
687,Sacramento,2024-04-30,2024-11-01,4,1,cdf,WNV cases
688,Sacramento,2024-04-30,2024-11-01,5,1,cdf,WNV cases
689,Sacramento,2024-04-30,2024-11-01,6,1,cdf,WNV cases
690,Sacramento,2024-04-30,2024-11-01,8,1,cdf,WNV cases
691,Sacramento,2024-04-30,2024-11-01,10,1,cdf,WNV cases
692,Sacramento,2024-04-30,2024-11-01,15,1,cdf,WNV cases
693,Sacramento,2024-04-30,2024-11-01,200,1,cdf,WNV cases
694,Sacramento,2024-04-30,2024-12-01,0,1,cdf,WNV cases
695,Sacramento,2024-04-30,2024-12-01,1,1,cdf,WNV cases
696,Sacramento,2024-04-30,2024-12-01,2,1,cdf,WNV cases
697,Sacramento,2024-04-30,2024-12-01,3,1,cdf,WNV cases
698,Sacramento,2024-04-30,2024-12-01,4,1,cdf,WNV cases
699,Sacramento,2024-04-30,2024-12-01,5,1,cdf,WNV cases
700,Sacramento,2024-04-30,2024-12-01,6,1,cdf,WNV cases
701,Sacramento,2024-04-30,2024-12-01,8,1,cdf,WNV cases
702,Sacramento,2024-04-30,2024-12-01,10,1,cdf,WNV cases
703,Sacramento,2024-04-30,2024-12-01,15,1,cdf,WNV cases
704,Sacramento,2024-04-30,2024-12-01,200,1,cdf,WNV cases
705,San Bernardino,2024-04-30,2024-05-01,0,0.113295,cdf,WNV cases
706,San Bernardino,2024-04-30,2024-05-01,1,0.201477,cdf,WNV cases
707,San Bernardino,2024-04-30,2024-05-01,2,0.29432,cdf,WNV cases
708,San Bernardino,2024-04-30,2024-05-01,3,0.486839,cdf,WNV cases
709,San Bernardino,2024-04-30,2024-05-01,4,0.708075,cdf,WNV cases
710,San Bernardino,2024-04-30,2024-05-01,5,0.830563,cdf,WNV cases
711,San Bernardino,2024-04-30,2024-05-01,6,0.911628,cdf,WNV cases
712,San Bernardino,2024-04-30,2024-05-01,8,1,cdf,WNV cases
713,San Bernardino,2024-04-30,2024-05-01,10,1,cdf,WNV cases
714,San Bernardino,2024-04-30,2024-05-01,15,1,cdf,WNV cases
715,San Bernardino,2024-04-30,2024-05-01,200,1,cdf,WNV cases
716,San Bernardino,2024-04-30,2024-06-01,0,0.201477,cdf,WNV cases
717,San Bernardino,2024-04-30,2024-06-01,1,0.29432,cdf,WNV cases
718,San Bernardino,2024-04-30,2024-06-01,2,0.486839,cdf,WNV cases
719,San Bernardino,2024-04-30,2024-06-01,3,0.708075,cdf,WNV cases
720,San Bernardino,2024-04-30,2024-06-01,4,0.830563,cdf,WNV cases
721,San Bernardino,2024-04-30,2024-06-01,5,0.911628,cdf,WNV cases
722,San Bernardino,2024-04-30,2024-06-01,6,1,cdf,WNV cases
723,San Bernardino,2024-04-30,2024-06-01,8,1,cdf,WNV cases
724,San Bernardino,2024-04-30,2024-06-01,10,1,cdf,WNV cases
725,San Bernardino,2024-04-30,2024-06-01,15,1,cdf,WNV cases
726,San Bernardino,2024-04-30,2024-06-01,200,1,cdf,WNV cases
727,San Bernardino,2024-04-30,2024-07-01,0,0.29432,cdf,WNV cases
728,San Bernardino,2024-04-30,2024-07-01,1,0.486839,cdf,WNV cases
729,San Bernardino,2024-04-30,2024-07-01,2,0.708075,cdf,WNV cases
730,San Bernardino,2024-04-30,2024-07-01,3,0.830563,cdf,WNV cases
731,San Bernardino,2024-04-30,2024-07-01,4,0.911628,cdf,WNV cases
732,San Bernardino,2024-04-30,2024-07-01,5,1,cdf,WNV cases
733,San Bernardino,2024-04-30,2024-07-01,6,1,cdf,WNV cases
734,San Bernardino,2024-04-30,2024-07-01,8,1,cdf,WNV cases
735,San Bernardino,2024-04-30,2024-07-01,10,1,cdf,WNV cases
736,San Bernardino,2024-04-30,2024-07-01,15,1,cdf,WNV cases
737,San Bernardino,2024-04-30,2024-07-01,200,1,cdf,WNV cases
738,San Bernardino,2024-04-30,2024-08-01,0,0.486839,cdf,WNV cases
739,San Bernardino,2024-04-30,2024-08-01,1,0.708075,cdf,WNV cases
740,San Bernardino,2024-04-30,2024-08-01,2,0.830563,cdf,WNV cases
741,San Bernardino,2024-04-30,2024-08-01,3,0.911628,cdf,WNV cases
742,San Bernardino,2024-04-30,2024-08-01,4,1,cdf,WNV cases
743,San Bernardino,2024-04-30,2024-08-01,5,1,cdf,WNV cases
744,San Bernardino,2024-04-30,2024-08-01,6,1,cdf,WNV cases
745,San Bernardino,2024-04-30,2024-08-01,8,1,cdf,WNV cases
746,San Bernardino,2024-04-30,2024-08-01,10,1,cdf,WNV cases
747,San Bernardino,2024-04-30,2024-08-01,15,1,cdf,WNV cases
748,San Bernardino,2024-04-30,2024-08-01,200,1,cdf,WNV cases
749,San Bernardino,2024-04-30,2024-09-01,0,0.708075,cdf,WNV cases
750,San Bernardino,2024-04-30,2024-09-01,1,0.830563,cdf,WNV cases
751,San Bernardino,2024-04-30,2024-09-01,2,0.911628,cdf,WNV cases
752,San Bernardino,2024-04-30,2024-09-01,3,1,cdf,WNV cases
753,San Bernardino,2024-04-30,2024-09-01,4,1,cdf,WNV cases
754,San Bernardino,2024-04-30,2024-09-01,5,1,cdf,WNV cases
755,San Bernardino,2024-04-30,2024-09-01,6,1,cdf,WNV cases
756,San Bernardino,2024-04-30,2024-09-01,8,1,cdf,WNV cases
757,San Bernardino,2024-04-30,2024-09-01,10,1,cdf,WNV cases
758,San Bernardino,2024-04-30,2024-09-01,15,1,cdf,WNV cases
759,San Bernardino,2024-04-30,2024-09-01,200,1,cdf,WNV cases
760,San Bernardino,2024-04-30,2024-10-01,0,0.830563,cdf,WNV cases
761,San Bernardino,2024-04-30,2024-10-01,1,0.911628,cdf,WNV cases
762,San Bernardino,2024-04-30,2024-10-01,2,1,cdf,WNV cases
763,San Bernardino,2024-04-30,2024-10-01,3,1,cdf,WNV cases
764,San Bernardino,2024-04-30,2024-10-01,4,1,cdf,WNV cases
765,San Bernardino,2024-04-30,2024-10-01,5,1,cdf,WNV cases
766,San Bernardino,2024-04-30,2024-10-01,6,1,cdf,WNV cases
767,San Bernardino,2024-04-30,2024-10-01,8,1,cdf,WNV cases
768,San Bernardino,2024-04-30,2024-10-01,10,1,cdf,WNV cases
769,San Bernardino,2024-04-30,2024-10-01,15,1,cdf,WNV cases
770,San Bernardino,2024-04-30,2024-10-01,200,1,cdf,WNV cases
771,San Bernardino,2024-04-30,2024-11-01,0,0.911628,cdf,WNV cases
772,San Bernardino,2024-04-30,2024-11-01,1,1,cdf,WNV cases
773,San Bernardino,2024-04-30,2024-11-01,2,1,cdf,WNV cases
774,San Bernardino,2024-04-30,2024-11-01,3,1,cdf,WNV cases
775,San Bernardino,2024-04-30,2024-11-01,4,1,cdf,WNV cases
776,San Bernardino,2024-04-30,2024-11-01,5,1,cdf,WNV cases
777,San Bernardino,2024-04-30,2024-11-01,6,1,cdf,WNV cases
778,San Bernardino,2024-04-30,2024-11-01,8,1,cdf,WNV cases
779,San Bernardino,2024-04-30,2024-11-01,10,1,cdf,WNV cases
780,San Bernardino,2024-04-30,2024-11-01,15,1,cdf,WNV cases
781,San Bernardino,2024-04-30,2024-11-01,200,1,cdf,WNV cases
782,San Bernardino,2024-04-30,2024-12-01,0,1,cdf,WNV cases
783,San Bernardino,2024-04-30,2024-12-01,1,1,cdf,WNV cases
784,San Bernardino,2024-04-30,2024-12-01,2,1,cdf,WNV cases
785,San Bernardino,2024-04-30,2024-12-01,3,1,cdf,WNV cases
786,San Bernardino,2024-04-30,2024-12-01,4,1,cdf,WNV cases
787,San Bernardino,2024-04-30,2024-12-01,5,1,cdf,WNV cases
788,San Bernardino,2024-04-30,2024-12-01,6,1,cdf,WNV cases
789,San Bernardino,2024-04-30,2024-12-01,8,1,cdf,WNV cases
790,San Bernardino,2024-04-30,2024-12-01,10,1,cdf,WNV cases
791,San Bernardino,2024-04-30,2024-12-01,15,1,cdf,WNV cases
792,San Bernardino,2024-04-30,2024-12-01,200,1,cdf,WNV cases
793,San Joaquin,2024-04-30,2024-05-01,0,0.15799,cdf,WNV cases
794,San Joaquin,2024-04-30,2024-05-01,1,0.287413,cdf,WNV cases
795,San Joaquin,2024-04-30,2024-05-01,2,0.415052,cdf,WNV cases
796,San Joaquin,2024-04-30,2024-05-01,3,0.55356,cdf,WNV cases
797,San Joaquin,2024-04-30,2024-05-01,4,0.667909,cdf,WNV cases
798,San Joaquin,2024-04-30,2024-05-01,5,0.770795,cdf,WNV cases
799,San Joaquin,2024-04-30,2024-05-01,6,0.875412,cdf,WNV cases
800,San Joaquin,2024-04-30,2024-05-01,8,1,cdf,WNV cases
801,San Joaquin,2024-04-30,2024-05-01,10,1,cdf,WNV cases
802,San Joaquin,2024-04-30,2024-05-01,15,1,cdf,WNV cases
803,San Joaquin,2024-04-30,2024-05-01,200,1,cdf,WNV cases
804,San Joaquin,2024-04-30,2024-06-01,0,0.287413,cdf,WNV cases
805,San Joaquin,2024-04-30,2024-06-01,1,0.415052,cdf,WNV cases
806,San Joaquin,2024-04-30,2024-06-01,2,0.55356,cdf,WNV cases
807,San Joaquin,2024-04-30,2024-06-01,3,0.667909,cdf,WNV cases
808,San Joaquin,2024-04-30,2024-06-01,4,0.770795,cdf,WNV cases
809,San Joaquin,2024-04-30,2024-06-01,5,0.875412,cdf,WNV cases
810,San Joaquin,2024-04-30,2024-06-01,6,1,cdf,WNV cases
811,San Joaquin,2024-04-30,2024-06-01,8,1,cdf,WNV cases
812,San Joaquin,2024-04-30,2024-06-01,10,1,cdf,WNV cases
813,San Joaquin,2024-04-30,2024-06-01,15,1,cdf,WNV cases
814,San Joaquin,2024-04-30,2024-06-01,200,1,cdf,WNV cases
815,San Joaquin,2024-04-30,2024-07-01,0,0.415052,cdf,WNV cases
816,San Joaquin,2024-04-30,2024-07-01,1,0.55356,cdf,WNV cases
817,San Joaquin,2024-04-30,2024-07-01,2,0.667909,cdf,WNV cases
818,San Joaquin,2024-04-30,2024-07-01,3,0.770795,cdf,WNV cases
819,San Joaquin,2024-04-30,2024-07-01,4,0.875412,cdf,WNV cases
820,San Joaquin,2024-04-30,2024-07-01,5,1,cdf,WNV cases
821,San Joaquin,2024-04-30,2024-07-01,6,1,cdf,WNV cases
822,San Joaquin,2024-04-30,2024-07-01,8,1,cdf,WNV cases
823,San Joaquin,2024-04-30,2024-07-01,10,1,cdf,WNV cases
824,San Joaquin,2024-04-30,2024-07-01,15,1,cdf,WNV cases
825,San Joaquin,2024-04-30,2024-07-01,200,1,cdf,WNV cases
826,San Joaquin,2024-04-30,2024-08-01,0,0.55356,cdf,WNV cases
827,San Joaquin,2024-04-30,2024-08-01,1,0.667909,cdf,WNV cases
828,San Joaquin,2024-04-30,2024-08-01,2,0.770795,cdf,WNV cases
829,San Joaquin,2024-04-30,2024-08-01,3,0.875412,cdf,WNV cases
830,San Joaquin,2024-04-30,2024-08-01,4,1,cdf,WNV cases
831,San Joaquin,2024-04-30,2024-08-01,5,1,cdf,WNV cases
832,San Joaquin,2024-04-30,2024-08-01,6,1,cdf,WNV cases
833,San Joaquin,2024-04-30,2024-08-01,8,1,cdf,WNV cases
834,San Joaquin,2024-04-30,2024-08-01,10,1,cdf,WNV cases
835,San Joaquin,2024-04-30,2024-08-01,15,1,cdf,WNV cases
836,San Joaquin,2024-04-30,2024-08-01,200,1,cdf,WNV cases
837,San Joaquin,2024-04-30,2024-09-01,0,0.667909,cdf,WNV cases
838,San Joaquin,2024-04-30,2024-09-01,1,0.770795,cdf,WNV cases
839,San Joaquin,2024-04-30,2024-09-01,2,0.875412,cdf,WNV cases
840,San Joaquin,2024-04-30,2024-09-01,3,1,cdf,WNV cases
841,San Joaquin,2024-04-30,2024-09-01,4,1,cdf,WNV cases
842,San Joaquin,2024-04-30,2024-09-01,5,1,cdf,WNV cases
843,San Joaquin,2024-04-30,2024-09-01,6,1,cdf,WNV cases
844,San Joaquin,2024-04-30,2024-09-01,8,1,cdf,WNV cases
845,San Joaquin,2024-04-30,2024-09-01,10,1,cdf,WNV cases
846,San Joaquin,2024-04-30,2024-09-01,15,1,cdf,WNV cases
847,San Joaquin,2024-04-30,2024-09-01,200,1,cdf,WNV cases
848,San Joaquin,2024-04-30,2024-10-01,0,0.770795,cdf,WNV cases
849,San Joaquin,2024-04-30,2024-10-01,1,0.875412,cdf,WNV cases
850,San Joaquin,2024-04-30,2024-10-01,2,1,cdf,WNV cases
851,San Joaquin,2024-04-30,2024-10-01,3,1,cdf,WNV cases
852,San Joaquin,2024-04-30,2024-10-01,4,1,cdf,WNV cases
853,San Joaquin,2024-04-30,2024-10-01,5,1,cdf,WNV cases
854,San Joaquin,2024-04-30,2024-10-01,6,1,cdf,WNV cases
855,San Joaquin,2024-04-30,2024-10-01,8,1,cdf,WNV cases
856,San Joaquin,2024-04-30,2024-10-01,10,1,cdf,WNV cases
857,San Joaquin,2024-04-30,2024-10-01,15,1,cdf,WNV cases
858,San Joaquin,2024-04-30,2024-10-01,200,1,cdf,WNV cases
859,San Joaquin,2024-04-30,2024-11-01,0,0.875412,cdf,WNV cases
860,San Joaquin,2024-04-30,2024-11-01,1,1,cdf,WNV cases
861,San Joaquin,2024-04-30,2024-11-01,2,1,cdf,WNV cases
862,San Joaquin,2024-04-30,2024-11-01,3,1,cdf,WNV cases
863,San Joaquin,2024-04-30,2024-11-01,4,1,cdf,WNV cases
864,San Joaquin,2024-04-30,2024-11-01,5,1,cdf,WNV cases
865,San Joaquin,2024-04-30,2024-11-01,6,1,cdf,WNV cases
866,San Joaquin,2024-04-30,2024-11-01,8,1,cdf,WNV cases
867,San Joaquin,2024-04-30,2024-11-01,10,1,cdf,WNV cases
868,San Joaquin,2024-04-30,2024-11-01,15,1,cdf,WNV cases
869,San Joaquin,2024-04-30,2024-11-01,200,1,cdf,WNV cases
870,San Joaquin,2024-04-30,2024-12-01,0,1,cdf,WNV cases
871,San Joaquin,2024-04-30,2024-12-01,1,1,cdf,WNV cases
872,San Joaquin,2024-04-30,2024-12-01,2,1,cdf,WNV cases
873,San Joaquin,2024-04-30,2024-12-01,3,1,cdf,WNV cases
874,San Joaquin,2024-04-30,2024-12-01,4,1,cdf,WNV cases
875,San Joaquin,2024-04-30,2024-12-01,5,1,cdf,WNV cases
876,San Joaquin,2024-04-30,2024-12-01,6,1,cdf,WNV cases
877,San Joaquin,2024-04-30,2024-12-01,8,1,cdf,WNV cases
878,San Joaquin,2024-04-30,2024-12-01,10,1,cdf,WNV cases
879,San Joaquin,2024-04-30,2024-12-01,15,1,cdf,WNV cases
880,San Joaquin,2024-04-30,2024-12-01,200,1,cdf,WNV cases
881,Solano,2024-04-30,2024-05-01,0,0.153285,cdf,WNV cases
882,Solano,2024-04-30,2024-05-01,1,0.290312,cdf,WNV cases
883,Solano,2024-04-30,2024-05-01,2,0.423091,cdf,WNV cases
884,Solano,2024-04-30,2024-05-01,3,0.585272,cdf,WNV cases
885,Solano,2024-04-30,2024-05-01,4,0.689697,cdf,WNV cases
886,Solano,2024-04-30,2024-05-01,5,0.782401,cdf,WNV cases
887,Solano,2024-04-30,2024-05-01,6,0.880962,cdf,WNV cases
888,Solano,2024-04-30,2024-05-01,8,1,cdf,WNV cases
889,Solano,2024-04-30,2024-05-01,10,1,cdf,WNV cases
890,Solano,2024-04-30,2024-05-01,15,1,cdf,WNV cases
891,Solano,2024-04-30,2024-05-01,200,1,cdf,WNV cases
892,Solano,2024-04-30,2024-06-01,0,0.290312,cdf,WNV cases
893,Solano,2024-04-30,2024-06-01,1,0.423091,cdf,WNV cases
894,Solano,2024-04-30,2024-06-01,2,0.585272,cdf,WNV cases
895,Solano,2024-04-30,2024-06-01,3,0.689697,cdf,WNV cases
896,Solano,2024-04-30,2024-06-01,4,0.782401,cdf,WNV cases
897,Solano,2024-04-30,2024-06-01,5,0.880962,cdf,WNV cases
898,Solano,2024-04-30,2024-06-01,6,1,cdf,WNV cases
899,Solano,2024-04-30,2024-06-01,8,1,cdf,WNV cases
900,Solano,2024-04-30,2024-06-01,10,1,cdf,WNV cases
901,Solano,2024-04-30,2024-06-01,15,1,cdf,WNV cases
902,Solano,2024-04-30,2024-06-01,200,1,cdf,WNV cases
903,Solano,2024-04-30,2024-07-01,0,0.423091,cdf,WNV cases
904,Solano,2024-04-30,2024-07-01,1,0.585272,cdf,WNV cases
905,Solano,2024-04-30,2024-07-01,2,0.689697,cdf,WNV cases
906,Solano,2024-04-30,2024-07-01,3,0.782401,cdf,WNV cases
907,Solano,2024-04-30,2024-07-01,4,0.880962,cdf,WNV cases
908,Solano,2024-04-30,2024-07-01,5,1,cdf,WNV cases
909,Solano,2024-04-30,2024-07-01,6,1,cdf,WNV cases
910,Solano,2024-04-30,2024-07-01,8,1,cdf,WNV cases
911,Solano,2024-04-30,2024-07-01,10,1,cdf,WNV cases
912,Solano,2024-04-30,2024-07-01,15,1,cdf,WNV cases
913,Solano,2024-04-30,2024-07-01,200,1,cdf,WNV cases
914,Solano,2024-04-30,2024-08-01,0,0.585272,cdf,WNV cases
915,Solano,2024-04-30,2024-08-01,1,0.689697,cdf,WNV cases
916,Solano,2024-04-30,2024-08-01,2,0.782401,cdf,WNV cases
917,Solano,2024-04-30,2024-08-01,3,0.880962,cdf,WNV cases
918,Solano,2024-04-30,2024-08-01,4,1,cdf,WNV cases
919,Solano,2024-04-30,2024-08-01,5,1,cdf,WNV cases
920,Solano,2024-04-30,2024-08-01,6,1,cdf,WNV cases
921,Solano,2024-04-30,2024-08-01,8,1,cdf,WNV cases
922,Solano,2024-04-30,2024-08-01,10,1,cdf,WNV cases
923,Solano,2024-04-30,2024-08-01,15,1,cdf,WNV cases
924,Solano,2024-04-30,2024-08-01,200,1,cdf,WNV cases
925,Solano,2024-04-30,2024-09-01,0,0.689697,cdf,WNV cases
926,Solano,2024-04-30,2024-09-01,1,0.782401,cdf,WNV cases
927,Solano,2024-04-30,2024-09-01,2,0.880962,cdf,WNV cases
928,Solano,2024-04-30,2024-09-01,3,1,cdf,WNV cases
929,Solano,2024-04-30,2024-09-01,4,1,cdf,WNV cases
930,Solano,2024-04-30,2024-09-01,5,1,cdf,WNV cases
931,Solano,2024-04-30,2024-09-01,6,1,cdf,WNV cases
932,Solano,2024-04-30,2024-09-01,8,1,cdf,WNV cases
933,Solano,2024-04-30,2024-09-01,10,1,cdf,WNV cases
934,Solano,2024-04-30,2024-09-01,15,1,cdf,WNV cases
935,Solano,2024-04-30,2024-09-01,200,1,cdf,WNV cases
936,Solano,2024-04-30,2024-10-01,0,0.782401,cdf,WNV cases
937,Solano,2024-04-30,2024-10-01,1,0.880962,cdf,WNV cases
938,Solano,2024-04-30,2024-10-01,2,1,cdf,WNV cases
939,Solano,2024-04-30,2024-10-01,3,1,cdf,WNV cases
940,Solano,2024-04-30,2024-10-01,4,1,cdf,WNV cases
941,Solano,2024-04-30,2024-10-01,5,1,cdf,WNV cases
942,Solano,2024-04-30,2024-10-01,6,1,cdf,WNV cases
943,Solano,2024-04-30,2024-10-01,8,1,cdf,WNV cases
944,Solano,2024-04-30,2024-10-01,10,1,cdf,WNV cases
945,Solano,2024-04-30,2024-10-01,15,1,cdf,WNV cases
946,Solano,2024-04-30,2024-10-01,200,1,cdf,WNV cases
947,Solano,2024-04-30,2024-11-01,0,0.880962,cdf,WNV cases
948,Solano,2024-04-30,2024-11-01,1,1,cdf,WNV cases
949,Solano,2024-04-30,2024-11-01,2,1,cdf,WNV cases
950,Solano,2024-04-30,2024-11-01,3,1,cdf,WNV cases
951,Solano,2024-04-30,2024-11-01,4,1,cdf,WNV cases
952,Solano,2024-04-30,2024-11-01,5,1,cdf,WNV cases
953,Solano,2024-04-30,2024-11-01,6,1,cdf,WNV cases
954,Solano,2024-04-30,2024-11-01,8,1,cdf,WNV cases
955,Solano,2024-04-30,2024-11-01,10,1,cdf,WNV cases
956,Solano,2024-04-30,2024-11-01,15,1,cdf,WNV cases
957,Solano,2024-04-30,2024-11-01,200,1,cdf,WNV cases
958,Solano,2024-04-30,2024-12-01,0,1,cdf,WNV cases
959,Solano,2024-04-30,2024-12-01,1,1,cdf,WNV cases
960,Solano,2024-04-30,2024-12-01,2,1,cdf,WNV cases
961,Solano,2024-04-30,2024-12-01,3,1,cdf,WNV cases
962,Solano,2024-04-30,2024-12-01,4,1,cdf,WNV cases
963,Solano,2024-04-30,2024-12-01,5,1,cdf,WNV cases
964,Solano,2024-04-30,2024-12-01,6,1,cdf,WNV cases
965,Solano,2024-04-30,2024-12-01,8,1,cdf,WNV cases
966,Solano,2024-04-30,2024-12-01,10,1,cdf,WNV cases
967,Solano,2024-04-30,2024-12-01,15,1,cdf,WNV cases
968,Solano,2024-04-30,2024-12-01,200,1,cdf,WNV cases
969,Stanislaus,2024-04-30,2024-05-01,0,0.184855,cdf,WNV cases
970,Stanislaus,2024-04-30,2024-05-01,1,0.293285,cdf,WNV cases
971,Stanislaus,2024-04-30,2024-05-01,2,0.421802,cdf,WNV cases
972,Stanislaus,2024-04-30,2024-05-01,3,0.561585,cdf,WNV cases
973,Stanislaus,2024-04-30,2024-05-01,4,0.711283,cdf,WNV cases
974,Stanislaus,2024-04-30,2024-05-01,5,0.789225,cdf,WNV cases
975,Stanislaus,2024-04-30,2024-05-01,6,0.866558,cdf,WNV cases
976,Stanislaus,2024-04-30,2024-05-01,8,1,cdf,WNV cases
977,Stanislaus,2024-04-30,2024-05-01,10,1,cdf,WNV cases
978,Stanislaus,2024-04-30,2024-05-01,15,1,cdf,WNV cases
979,Stanislaus,2024-04-30,2024-05-01,200,1,cdf,WNV cases
980,Stanislaus,2024-04-30,2024-06-01,0,0.293285,cdf,WNV cases
981,Stanislaus,2024-04-30,2024-06-01,1,0.421802,cdf,WNV cases
982,Stanislaus,2024-04-30,2024-06-01,2,0.561585,cdf,WNV cases
983,Stanislaus,2024-04-30,2024-06-01,3,0.711283,cdf,WNV cases
984,Stanislaus,2024-04-30,2024-06-01,4,0.789225,cdf,WNV cases
985,Stanislaus,2024-04-30,2024-06-01,5,0.866558,cdf,WNV cases
986,Stanislaus,2024-04-30,2024-06-01,6,1,cdf,WNV cases
987,Stanislaus,2024-04-30,2024-06-01,8,1,cdf,WNV cases
988,Stanislaus,2024-04-30,2024-06-01,10,1,cdf,WNV cases
989,Stanislaus,2024-04-30,2024-06-01,15,1,cdf,WNV cases
990,Stanislaus,2024-04-30,2024-06-01,200,1,cdf,WNV cases
991,Stanislaus,2024-04-30,2024-07-01,0,0.421802,cdf,WNV cases
992,Stanislaus,2024-04-30,2024-07-01,1,0.561585,cdf,WNV cases
993,Stanislaus,2024-04-30,2024-07-01,2,0.711283,cdf,WNV cases
994,Stanislaus,2024-04-30,2024-07-01,3,0.789225,cdf,WNV cases
995,Stanislaus,2024-04-30,2024-07-01,4,0.866558,cdf,WNV cases
996,Stanislaus,2024-04-30,2024-07-01,5,1,cdf,WNV cases
997,Stanislaus,2024-04-30,2024-07-01,6,1,cdf,WNV cases
998,Stanislaus,2024-04-30,2024-07-01,8,1,cdf,WNV cases
999,Stanislaus,2024-04-30,2024-07-01,10,1,cdf,WNV cases
1000,Stanislaus,2024-04-30,2024-07-01,15,1,cdf,WNV cases
1001,Stanislaus,2024-04-30,2024-07-01,200,1,cdf,WNV cases
1002,Stanislaus,2024-04-30,2024-08-01,0,0.561585,cdf,WNV cases
1003,Stanislaus,2024-04-30,2024-08-01,1,0.711283,cdf,WNV cases
1004,Stanislaus,2024-04-30,2024-08-01,2,0.789225,cdf,WNV cases
1005,Stanislaus,2024-04-30,2024-08-01,3,0.866558,cdf,WNV cases
1006,Stanislaus,2024-04-30,2024-08-01,4,1,cdf,WNV cases
1007,Stanislaus,2024-04-30,2024-08-01,5,1,cdf,WNV cases
1008,Stanislaus,2024-04-30,2024-08-01,6,1,cdf,WNV cases
1009,Stanislaus,2024-04-30,2024-08-01,8,1,cdf,WNV cases
1010,Stanislaus,2024-04-30,2024-08-01,10,1,cdf,WNV cases
1011,Stanislaus,2024-04-30,2024-08-01,15,1,cdf,WNV cases
1012,Stanislaus,2024-04-30,2024-08-01,200,1,cdf,WNV cases
1013,Stanislaus,2024-04-30,2024-09-01,0,0.711283,cdf,WNV cases
1014,Stanislaus,2024-04-30,2024-09-01,1,0.789225,cdf,WNV cases
1015,Stanislaus,2024-04-30,2024-09-01,2,0.866558,cdf,WNV cases
1016,Stanislaus,2024-04-30,2024-09-01,3,1,cdf,WNV cases
1017,Stanislaus,2024-04-30,2024-09-01,4,1,cdf,WNV cases
1018,Stanislaus,2024-04-30,2024-09-01,5,1,cdf,WNV cases
1019,Stanislaus,2024-04-30,2024-09-01,6,1,cdf,WNV cases
1020,Stanislaus,2024-04-30,2024-09-01,8,1,cdf,WNV cases
1021,Stanislaus,2024-04-30,2024-09-01,10,1,cdf,WNV cases
1022,Stanislaus,2024-04-30,2024-09-01,15,1,cdf,WNV cases
1023,Stanislaus,2024-04-30,2024-09-01,200,1,cdf,WNV cases
1024,Stanislaus,2024-04-30,2024-10-01,0,0.789225,cdf,WNV cases
1025,Stanislaus,2024-04-30,2024-10-01,1,0.866558,cdf,WNV cases
1026,Stanislaus,2024-04-30,2024-10-01,2,1,cdf,WNV cases
1027,Stanislaus,2024-04-30,2024-10-01,3,1,cdf,WNV cases
1028,Stanislaus,2024-04-30,2024-10-01,4,1,cdf,WNV cases
1029,Stanislaus,2024-04-30,2024-10-01,5,1,cdf,WNV cases
1030,Stanislaus,2024-04-30,2024-10-01,6,1,cdf,WNV cases
1031,Stanislaus,2024-04-30,2024-10-01,8,1,cdf,WNV cases
1032,Stanislaus,2024-04-30,2024-10-01,10,1,cdf,WNV cases
1033,Stanislaus,2024-04-30,2024-10-01,15,1,cdf,WNV cases
1034,Stanislaus,2024-04-30,2024-10-01,200,1,cdf,WNV cases
1035,Stanislaus,2024-04-30,2024-11-01,0,0.866558,cdf,WNV cases
1036,Stanislaus,2024-04-30,2024-11-01,1,1,cdf,WNV cases
1037,Stanislaus,2024-04-30,2024-11-01,2,1,cdf,WNV cases
1038,Stanislaus,2024-04-30,2024-11-01,3,1,cdf,WNV cases
1039,Stanislaus,2024-04-30,2024-11-01,4,1,cdf,WNV cases
1040,Stanislaus,2024-04-30,2024-11-01,5,1,cdf,WNV cases
1041,Stanislaus,2024-04-30,2024-11-01,6,1,cdf,WNV cases
1042,Stanislaus,2024-04-30,2024-11-01,8,1,cdf,WNV cases
1043,Stanislaus,2024-04-30,2024-11-01,10,1,cdf,WNV cases
1044,Stanislaus,2024-04-30,2024-11-01,15,1,cdf,WNV cases
1045,Stanislaus,2024-04-30,2024-11-01,200,1,cdf,WNV cases
1046,Stanislaus,2024-04-30,2024-12-01,0,1,cdf,WNV cases
1047,Stanislaus,2024-04-30,2024-12-01,1,1,cdf,WNV cases
1048,Stanislaus,2024-04-30,2024-12-01,2,1,cdf,WNV cases
1049,Stanislaus,2024-04-30,2024-12-01,3,1,cdf,WNV cases
1050,Stanislaus,2024-04-30,2024-12-01,4,1,cdf,WNV cases
1051,Stanislaus,2024-04-30,2024-12-01,5,1,cdf,WNV cases
1052,Stanislaus,2024-04-30,2024-12-01,6,1,cdf,WNV cases
1053,Stanislaus,2024-04-30,2024-12-01,8,1,cdf,WNV cases
1054,Stanislaus,2024-04-30,2024-12-01,10,1,cdf,WNV cases
1055,Stanislaus,2024-04-30,2024-12-01,15,1,cdf,WNV cases
1056,Stanislaus,2024-04-30,2024-12-01,200,1,cdf,WNV cases
1057,Tulare,2024-04-30,2024-05-01,0,0.159678,cdf,WNV cases
1058,Tulare,2024-04-30,2024-05-01,1,0.299477,cdf,WNV cases
1059,Tulare,2024-04-30,2024-05-01,2,0.440064,cdf,WNV cases
1060,Tulare,2024-04-30,2024-05-01,3,0.572245,cdf,WNV cases
1061,Tulare,2024-04-30,2024-05-01,4,0.683317,cdf,WNV cases
1062,Tulare,2024-04-30,2024-05-01,5,0.78018,cdf,WNV cases
1063,Tulare,2024-04-30,2024-05-01,6,0.885678,cdf,WNV cases
1064,Tulare,2024-04-30,2024-05-01,8,1,cdf,WNV cases
1065,Tulare,2024-04-30,2024-05-01,10,1,cdf,WNV cases
1066,Tulare,2024-04-30,2024-05-01,15,1,cdf,WNV cases
1067,Tulare,2024-04-30,2024-05-01,200,1,cdf,WNV cases
1068,Tulare,2024-04-30,2024-06-01,0,0.299477,cdf,WNV cases
1069,Tulare,2024-04-30,2024-06-01,1,0.440064,cdf,WNV cases
1070,Tulare,2024-04-30,2024-06-01,2,0.572245,cdf,WNV cases
1071,Tulare,2024-04-30,2024-06-01,3,0.683317,cdf,WNV cases
1072,Tulare,2024-04-30,2024-06-01,4,0.78018,cdf,WNV cases
1073,Tulare,2024-04-30,2024-06-01,5,0.885678,cdf,WNV cases
1074,Tulare,2024-04-30,2024-06-01,6,1,cdf,WNV cases
1075,Tulare,2024-04-30,2024-06-01,8,1,cdf,WNV cases
1076,Tulare,2024-04-30,2024-06-01,10,1,cdf,WNV cases
1077,Tulare,2024-04-30,2024-06-01,15,1,cdf,WNV cases
1078,Tulare,2024-04-30,2024-06-01,200,1,cdf,WNV cases
1079,Tulare,2024-04-30,2024-07-01,0,0.440064,cdf,WNV cases
1080,Tulare,2024-04-30,2024-07-01,1,0.572245,cdf,WNV cases
1081,Tulare,2024-04-30,2024-07-01,2,0.683317,cdf,WNV cases
1082,Tulare,2024-04-30,2024-07-01,3,0.78018,cdf,WNV cases
1083,Tulare,2024-04-30,2024-07-01,4,0.885678,cdf,WNV cases
1084,Tulare,2024-04-30,2024-07-01,5,1,cdf,WNV cases
1085,Tulare,2024-04-30,2024-07-01,6,1,cdf,WNV cases
1086,Tulare,2024-04-30,2024-07-01,8,1,cdf,WNV cases
1087,Tulare,2024-04-30,2024-07-01,10,1,cdf,WNV cases
1088,Tulare,2024-04-30,2024-07-01,15,1,cdf,WNV cases
1089,Tulare,2024-04-30,2024-07-01,200,1,cdf,WNV cases
1090,Tulare,2024-04-30,2024-08-01,0,0.572245,cdf,WNV cases
1091,Tulare,2024-04-30,2024-08-01,1,0.683317,cdf,WNV cases
1092,Tulare,2024-04-30,2024-08-01,2,0.78018,cdf,WNV cases
1093,Tulare,2024-04-30,2024-08-01,3,0.885678,cdf,WNV cases
1094,Tulare,2024-04-30,2024-08-01,4,1,cdf,WNV cases
1095,Tulare,2024-04-30,2024-08-01,5,1,cdf,WNV cases
1096,Tulare,2024-04-30,2024-08-01,6,1,cdf,WNV cases
1097,Tulare,2024-04-30,2024-08-01,8,1,cdf,WNV cases
1098,Tulare,2024-04-30,2024-08-01,10,1,cdf,WNV cases
1099,Tulare,2024-04-30,2024-08-01,15,1,cdf,WNV cases
1100,Tulare,2024-04-30,2024-08-01,200,1,cdf,WNV cases
1101,Tulare,2024-04-30,2024-09-01,0,0.683317,cdf,WNV cases
1102,Tulare,2024-04-30,2024-09-01,1,0.78018,cdf,WNV cases
1103,Tulare,2024-04-30,2024-09-01,2,0.885678,cdf,WNV cases
1104,Tulare,2024-04-30,2024-09-01,3,1,cdf,WNV cases
1105,Tulare,2024-04-30,2024-09-01,4,1,cdf,WNV cases
1106,Tulare,2024-04-30,2024-09-01,5,1,cdf,WNV cases
1107,Tulare,2024-04-30,2024-09-01,6,1,cdf,WNV cases
1108,Tulare,2024-04-30,2024-09-01,8,1,cdf,WNV cases
1109,Tulare,2024-04-30,2024-09-01,10,1,cdf,WNV cases
1110,Tulare,2024-04-30,2024-09-01,15,1,cdf,WNV cases
1111,Tulare,2024-04-30,2024-09-01,200,1,cdf,WNV cases
1112,Tulare,2024-04-30,2024-10-01,0,0.78018,cdf,WNV cases
1113,Tulare,2024-04-30,2024-10-01,1,0.885678,cdf,WNV cases
1114,Tulare,2024-04-30,2024-10-01,2,1,cdf,WNV cases
1115,Tulare,2024-04-30,2024-10-01,3,1,cdf,WNV cases
1116,Tulare,2024-04-30,2024-10-01,4,1,cdf,WNV cases
1117,Tulare,2024-04-30,2024-10-01,5,1,cdf,WNV cases
1118,Tulare,2024-04-30,2024-10-01,6,1,cdf,WNV cases
1119,Tulare,2024-04-30,2024-10-01,8,1,cdf,WNV cases
1120,Tulare,2024-04-30,2024-10-01,10,1,cdf,WNV cases
1121,Tulare,2024-04-30,2024-10-01,15,1,cdf,WNV cases
1122,Tulare,2024-04-30,2024-10-01,200,1,cdf,WNV cases
1123,Tulare,2024-04-30,2024-11-01,0,0.885678,cdf,WNV cases
1124,Tulare,2024-04-30,2024-11-01,1,1,cdf,WNV cases
1125,Tulare,2024-04-30,2024-11-01,2,1,cdf,WNV cases
1126,Tulare,2024-04-30,2024-11-01,3,1,cdf,WNV cases
1127,Tulare,2024-04-30,2024-11-01,4,1,cdf,WNV cases
1128,Tulare,2024-04-30,2024-11-01,5,1,cdf,WNV cases
1129,Tulare,2024-04-30,2024-11-01,6,1,cdf,WNV cases
1130,Tulare,2024-04-30,2024-11-01,8,1,cdf,WNV cases
1131,Tulare,2024-04-30,2024-11-01,10,1,cdf,WNV cases
1132,Tulare,2024-04-30,2024-11-01,15,1,cdf,WNV cases
1133,Tulare,2024-04-30,2024-11-01,200,1,cdf,WNV cases
1134,Tulare,2024-04-30,2024-12-01,0,1,cdf,WNV cases
1135,Tulare,2024-04-30,2024-12-01,1,1,cdf,WNV cases
1136,Tulare,2024-04-30,2024-12-01,2,1,cdf,WNV cases
1137,Tulare,2024-04-30,2024-12-01,3,1,cdf,WNV cases
1138,Tulare,2024-04-30,2024-12-01,4,1,cdf,WNV cases
1139,Tulare,2024-04-30,2024-12-01,5,1,cdf,WNV cases
1140,Tulare,2024-04-30,2024-12-01,6,1,cdf,WNV cases
1141,Tulare,2024-04-30,2024-12-01,8,1,cdf,WNV cases
1142,Tulare,2024-04-30,2024-12-01,10,1,cdf,WNV cases
1143,Tulare,2024-04-30,2024-12-01,15,1,cdf,WNV cases
1144,Tulare,2024-04-30,2024-12-01,200,1,cdf,WNV cases